consent_id,contact_id,basis,region,status,channel,source,captured_at,expires_at
CNSdVeJ8Myfzqlp,003TTAe7YV378jlm2Z,opt_in,ID,active,web_form,intake_form,2026/07/12,
CNSnkyXzsPW9Pjh,003AIyJKzOngMJv6BV,consent,IN,withdrawn,web_form,intake_form,2026/07/09,
CNS6t5RMiwQg1xG,003p7rC5YwVTNekUnZ,soft_opt_in,ID,active,web_form,intake_form,2026/07/06,
CNSyErKMBfWBZxN,003EHGL4D4Vo3txzQT,opt_in,IN,active,web_form,intake_form,2026/07/05,
CNSfcGvDRoPRTj7,003Ua1adavpWKR9c2s,opt_in,MY,active,web_form,intake_form,2026/07/14,
CNSHfsDBf6ZEtji,003rSxXve61Lq38YFh,consent,IN,active,web_form,intake_form,2026/09/07,
CNSsKdJe6cGgGBA,00396C6HxHXrhyecH3,soft_opt_in,TH,active,web_form,intake_form,2026/07/03,
CNSK0qwqLfXGbhV,003l8OWzljbJ0NnaKw,opt_in,TH,active,web_form,intake_form,2026/07/14,
CNS1zcfA4TtuLUD,003uNxughaCJZ1YMs9,opt_in,IN,active,web_form,intake_form,2026/07/13,
CNSv963ZlnlfVMq,0039dOnvbLvkGO5FvE,opt_in,IN,active,web_form,intake_form,2026/07/03,
CNSazhakPEDSz3Q,003QYoqD7N5s2QrSBT,soft_opt_in,TH,active,web_form,intake_form,2026/07/19,
CNS0NxSR9SRzZtf,003foruN2bI7irZa7S,consent,IN,active,web_form,intake_form,2026/04/07,
CNSh0bSm2bnEPjP,0034SaTsCmEY6aeBEA,consent,IN,withdrawn,web_form,intake_form,2026/07/07,
CNS2YImftXDjEBb,003GMPRbtpqAKZ82id,soft_opt_in,MY,active,web_form,intake_form,2026/03/07,
CNSVSC9FEb3CLpm,0036IpmfT3noEy0NAU,soft_opt_in,ID,active,web_form,intake_form,2026/07/08,
CNSzdvagO2TBA2F,003Qdx3WB2jM5qNaob,opt_in,IN,active,web_form,intake_form,2026/07/17,
CNSscFzFGLUN7R5,003jOff2KR4ea8nKPy,opt_in,MY,active,web_form,intake_form,2026/07/15,
CNSHbBKuJer5PA4,003Cz5BK79Vc8PxESN,opt_in,TH,active,web_form,intake_form,2026/07/15,
CNS8PwCSBbksUmE,003D1sVRnl3PpSwyTc,opt_in,SG,active,web_form,intake_form,2026/07/11,
CNSoL6Rv6M21TQD,003gybdOyBcQbgqizi,opt_in,SG,active,web_form,intake_form,2026/07/04,
CNSy9A18RPVxYEZ,003icpXj7VwT0AazRl,opt_in,IN,active,web_form,intake_form,2026/07/04,
CNSSVfQEilmkMFg,003Mt2xVzKFS6UVS1X,opt_in,IN,active,web_form,intake_form,2026/07/13,
CNSnJdbw4qwRkl0,003PPBgaiaQb5fsyhs,opt_in,IN,active,web_form,intake_form,2026/07/16,
CNSvBhNohJoFqvY,0035ncDTvs38nrFMAS,soft_opt_in,ID,active,web_form,intake_form,2026/07/11,
CNSJr5j2S3GMQgT,003gRzSdAK4hk0THac,opt_in,SG,active,web_form,intake_form,2026/07/01,
CNS91WhgYNNY28g,0034Kp57AK0Q8FTBl6,opt_in,TH,active,web_form,intake_form,2026/07/17,
CNSh3n6xkUsTCWG,0036OWyxgUn0io4Jzf,opt_in,ID,active,web_form,intake_form,2026/07/15,
CNSv0ih2mCAXXap,003R2WaD3vKzeg8dua,opt_in,ID,active,web_form,intake_form,2026/07/15,
CNSkfrxTWAxOQpj,0032kprEnDkDmvntmO,opt_in,ID,active,web_form,intake_form,2026/07/16,
CNSBA6A5D82HYRx,0038lsG6yy7CXcdEmA,opt_in,MY,active,web_form,intake_form,2026/06/30,
CNSaTZH8efvuzXk,003X4WkkjgtCJoThbW,opt_in,TH,active,web_form,intake_form,2026/07/13,
CNScQ7Pj5KdOTZQ,003tnXMtZLCMRZ2qCM,opt_in,IN,active,web_form,intake_form,2026/07/16,
CNS4RSJ3tUVu6wa,003avgMFIdExp3RZCV,opt_in,SG,active,web_form,intake_form,2026/07/07,
CNSjSzCPn4INYNP,003B4xW8I94QLqLzQX,soft_opt_in,ID,active,web_form,intake_form,2026/07/14,
CNS4tfcIvyUUV4i,003WvWycNQaJpGJsjr,soft_opt_in,TH,active,web_form,intake_form,2026/07/15,
CNSfGJtHvWOkbb4,003blM0OJ6mHvqPbbV,soft_opt_in,SG,active,web_form,intake_form,2026/07/16,
CNS1XtUBGhUd1xq,003p3uRpiaLhhYbTvt,opt_in,TH,active,web_form,intake_form,2026/07/19,
CNSdWP8hCtKVaDv,003sNGixBTRY5NKMY9,opt_in,IN,active,web_form,intake_form,2026/07/06,
CNS58OQI2MowtsQ,003o1KW3FT7J1Wb6gG,soft_opt_in,MY,active,web_form,intake_form,2026/07/18,
CNSpguHLm0XxDgj,003zGvsU55UC7Ep3Fv,soft_opt_in,ID,active,web_form,intake_form,2026/07/13,
CNSdB4iEnCexRHz,0031rYak8x5Ajg0oqi,consent,IN,active,web_form,intake_form,2026/07/17,
CNSz3qLFOBCS78F,003d6teEsgPckDX2AN,opt_in,ID,active,web_form,intake_form,2026/07/13,
CNSiFTDi9TG3HhS,00328hDV9pZCHmbWv1,opt_in,TH,active,web_form,intake_form,2026/07/06,
CNSVk8Jx68hM2Ah,003xTOrW6iBBdHGtzn,opt_in,MY,active,web_form,intake_form,2026/07/03,
CNScHjhxtxtsFbY,003snsSNc31BW1Ojii,soft_opt_in,TH,active,web_form,intake_form,2026/04/07,
CNSAd75t4snl0VF,003s44EKQugkzkc5XN,soft_opt_in,SG,active,web_form,intake_form,2026/06/30,
CNSe3cAEKtKC5vY,003aWNXPWFPn6ZfzWQ,soft_opt_in,SG,active,web_form,intake_form,2026/07/12,
CNS1MiWiGODWCQC,003C2l2nYaRtlNP1yf,opt_in,MY,active,web_form,intake_form,2026/07/04,
CNSNQNAyo5zvIc9,003nj576dfv9I9pfnz,opt_in,TH,active,web_form,intake_form,2026/07/14,
CNS3kTbKOYXTtJP,003zxgJgL2leXYC0VW,soft_opt_in,ID,active,web_form,intake_form,2026/07/02,
CNS9NIKWd9KHmWE,0039OClGq4wGa6AjRP,soft_opt_in,SG,active,web_form,intake_form,2026/07/16,
CNS7Il9brYnp1T1,003j40yPUgr3U4pVAa,soft_opt_in,TH,active,web_form,intake_form,2026/07/18,
CNSMuzLcF37bvBl,003hj8MRa5GGQVGTED,opt_in,TH,active,web_form,intake_form,2026/07/13,
CNSfhgIksjlqXfj,003QKxkyppoOYAXuZI,soft_opt_in,SG,active,web_form,intake_form,2026/07/09,
CNSdN9ulbTdtygu,003e9k8XA1wJ6glkhd,consent,IN,active,web_form,intake_form,2026/07/04,
CNSqy805hdmpWML,003ryQh3bTdq6LQYbo,consent,IN,active,web_form,intake_form,2026/07/07,
CNSGy8hrduDJAeE,003KwxB8E03xN4A7DW,opt_in,IN,active,web_form,intake_form,2026/06/30,
CNS64brJ9LRgpWJ,003W4dZ2v2dIiMtvbC,consent,IN,active,web_form,intake_form,2026/07/20,
CNSACf2OGnY9jxI,003dSq7BAsMzOeip2s,consent,IN,active,web_form,intake_form,2026/05/07,
CNSB96JCca0D91N,003jMshgsPBmPSiYoR,opt_in,SG,active,web_form,intake_form,2026/09/07,
CNS76ErMq1Ryw1O,003dZdQIjfayO82saK,soft_opt_in,ID,withdrawn,web_form,intake_form,2026/07/05,
CNSsckVIKetfzSh,003rH1ESExnO8SEB8M,soft_opt_in,TH,active,web_form,intake_form,2026/07/03,
CNS4BnNG9Zu4R8v,003H691WGD0xx81PYU,opt_in,IN,active,web_form,intake_form,2026/07/20,
CNSTCrpQuvnD9Mv,003vriF5P63luchp9A,consent,IN,active,web_form,intake_form,2026/06/30,
CNSaMEa5aRlAJ5S,003leygdPNcc2Vk7xE,opt_in,TH,active,web_form,intake_form,2026/07/15,
CNSY4PPeIb510QC,003ZkusvoPfOIK6mIQ,opt_in,IN,active,web_form,intake_form,2026/07/03,
CNSy0Mwyl1XZSah,003wAMwg4RQ8qP1a9q,consent,IN,active,web_form,intake_form,2026/07/14,
CNSoVbWrR6Twmf0,003NbW3VTYMpvA4aBs,consent,IN,active,web_form,intake_form,2026/07/19,
CNSooF9xcrF5TTM,003gF41vvjhfxjw0U8,opt_in,ID,active,web_form,intake_form,2026/07/06,
CNSOzh3rKGFkJmQ,003tT8Vs3kvf9rHxYC,opt_in,ID,active,web_form,intake_form,2026/07/17,
CNSeLiVeiq7K2o4,003ZK2gvUf2lM18iVu,opt_in,ID,active,web_form,intake_form,2026/07/16,
CNSRbSRINqRJ4Da,003eIvTudh5zlU4HXL,opt_in,IN,active,web_form,intake_form,2026/07/13,
CNSArhRHDFxHWc4,003IjuSOVRQxDaKXAi,soft_opt_in,SG,active,web_form,intake_form,2026/07/07,
CNSAICuazmvf4KZ,0038wJblx0jvHUPrrm,soft_opt_in,SG,active,web_form,intake_form,2026/06/30,
CNSB9e6pmkvteOO,003csV01zyIh9dzIjt,opt_in,TH,active,web_form,intake_form,2026/07/03,
CNSZbLZO7v1qpgE,003mk7P8B7O8Tk4M38,opt_in,SG,active,web_form,intake_form,2026/07/07,
CNSHYp8eXMNCWgO,003eT3bm80Ft6JCQiR,opt_in,SG,active,web_form,intake_form,2026/07/13,
CNSd6cyu42SeYid,003yDzRUt7uV8voYAZ,opt_in,ID,active,web_form,intake_form,2026/07/14,
CNSOBegRdJds2yz,003q3eY8n5JUh6hn5e,opt_in,ID,active,web_form,intake_form,2026/07/02,
CNSo3MYQNaDyDYB,003hOr4Bn7fPJRbmni,consent,IN,active,web_form,intake_form,2026/07/18,
CNSP8RYbDHvLmgg,003S1oCTn59LBikBrV,opt_in,ID,active,web_form,intake_form,2026/06/29,
CNSLY1m5KiOGqwA,003XjfTttKxf4gKMZs,soft_opt_in,SG,active,web_form,intake_form,2026/07/14,
CNSpiZcditLBG9P,003BdQsRYOo6hA2DJ5,opt_in,TH,active,web_form,intake_form,2026/07/11,
CNSIXjjEtMvsxaH,003RQDw0pATMEdNb62,soft_opt_in,ID,active,web_form,intake_form,2026/07/18,
CNSG01J2dBwmmO6,003VfCyg8Ht0V7Fj77,soft_opt_in,TH,expired,web_form,intake_form,2026/07/06,
CNSQESSDMSv2LK9,003BxVSPC7Aw39rK30,opt_in,ID,active,web_form,intake_form,2026/07/09,
CNSvkgD4Y6cFo6a,00339p4BY9ZPVCzAqd,soft_opt_in,SG,active,web_form,intake_form,2026/07/20,
CNSnpEVX80vZVyn,003izy5NooKvoisrui,opt_in,ID,active,web_form,intake_form,2026/12/07,
CNSaxaewbJhjsCm,003DeR8iFO83c2NXXK,opt_in,ID,active,web_form,intake_form,2026/07/19,
CNSxcbmmslo4qUl,003yOl7wn3BUy2uQA4,consent,IN,active,web_form,intake_form,2026/07/09,
CNSmbl1q6gb1Riy,003U9ntar9qHDO0O2g,soft_opt_in,MY,active,web_form,intake_form,2026/07/20,
CNSntDpxZxQk8HZ,003w7ukqUuHpdv3kzS,opt_in,TH,active,web_form,intake_form,2026/07/19,
CNSehj47iYmmIyS,003D0NqqfNWcV6vKmA,opt_in,SG,active,web_form,intake_form,2026/07/11,
CNSOp6cWNLm2IsY,003HYUk5qeCLEy84w3,consent,IN,active,web_form,intake_form,2026/07/04,
CNSOYr3i2G9L4Fn,003Igq6SQZ3mRXtF30,soft_opt_in,SG,active,web_form,intake_form,2026/07/02,
CNSNekGyW4PWGxF,003QlEpPry7qGIEmHs,opt_in,TH,active,web_form,intake_form,2026/07/16,
CNSTxHSET9FErLz,003U37E6Sw582fZHHC,opt_in,SG,active,web_form,intake_form,2026/07/19,
CNSno5mC3pzntB4,0038fTcys9JCPx7ZYQ,opt_in,MY,active,web_form,intake_form,2026/07/11,
CNS1xqJfiWfsCHw,003l9VdcB26P6bCNuN,opt_in,MY,active,web_form,intake_form,2026/07/06,
CNSGNvBCDBAxZFu,003brDwl9OJmTTZ92I,soft_opt_in,TH,expired,web_form,intake_form,2026/07/08,
CNSCoqPew5fs1GG,003kkoV7mMkSC0kmfR,soft_opt_in,ID,withdrawn,web_form,intake_form,2026/07/17,
CNS7oghexcImvmR,003lg0XafmfEX4pvYb,opt_in,ID,active,web_form,intake_form,2026/07/10,
CNS0XR2rmTMi2WT,003tCTcFQnlCxeKzeF,soft_opt_in,ID,active,web_form,intake_form,2026/07/17,
CNSts0wYz8z0LWP,003ItBoLrg7SGJlmBh,soft_opt_in,ID,withdrawn,web_form,intake_form,2026/06/30,
CNSW8j3zooUVnEo,003HO1DgljEAXus2tS,soft_opt_in,MY,active,web_form,intake_form,2026/07/15,
CNSWDU0DvYfu2mB,003aD7r3Cq4VL6BJTa,soft_opt_in,ID,active,web_form,intake_form,2026/07/13,
CNS2JbxiK3it8Va,003kFbJUEHEkfD5bBt,opt_in,ID,active,web_form,intake_form,2026/07/15,
CNSABRWzWXSItuL,003iu38QNGXOJeqHFR,opt_in,ID,active,web_form,intake_form,2026/06/29,
CNS7ij8vKOZM6MK,003BOazPKL7xVdf2Jn,consent,IN,active,web_form,intake_form,2026/07/12,
CNSzeIymEgvK9CO,003iBqmu22ouvvmK2x,soft_opt_in,MY,active,web_form,intake_form,2026/07/09,
CNSRJlc0SMFblme,003jwfSDUNR99bAqQO,consent,IN,active,web_form,intake_form,2026/07/12,
CNSsQHeDdxHaku3,003BOZKqDrxTq48KBs,opt_in,MY,active,web_form,intake_form,2026/07/13,
CNShiIAEVey953n,003qJpbc3hrClcIFuO,opt_in,ID,active,web_form,intake_form,2026/04/07,
CNS0TQEkMK8tLmG,003qVtnE3I3rpb9XtW,opt_in,ID,active,web_form,intake_form,2026/07/14,
CNSjCe0zMZpHv6K,003r4UPWYyigjcqffH,opt_in,SG,active,web_form,intake_form,2026/07/15,
CNScVfsP46DwS1T,003GkoblyoazHXA4yo,consent,IN,active,web_form,intake_form,2026/07/09,
CNSZ2lApl5NUBDy,0033mj4VEg9rs779TN,soft_opt_in,TH,active,web_form,intake_form,2026/07/04,
CNSS8cp43kr4OIs,003RpNTfclJb0OUUe8,soft_opt_in,SG,active,web_form,intake_form,2026/02/07,
CNSAWJhxeWgGXXu,003HFasaAd1KVpFGWD,opt_in,ID,active,web_form,intake_form,2026/07/13,
CNSnGcDbeOSRVDy,003MgrLIPzZwp9iL2H,soft_opt_in,SG,active,web_form,intake_form,2026/07/10,
CNSzcaqhT6iuQVD,003rRwIb9kQG9t44Vw,opt_in,IN,active,web_form,intake_form,2026/07/15,
CNSJQpT8CiE0r1k,0034rMTS25O03JATmh,opt_in,IN,expired,web_form,intake_form,2026/07/05,
CNSlshIVzkeQWaR,003oOBGVzbrYIzgfgJ,opt_in,SG,active,web_form,intake_form,2026/08/07,
CNSlnTc5RInCSd1,00358cUV8YFLgvCWaH,opt_in,MY,active,web_form,intake_form,2026/07/19,
CNSTQ5gyStCdMad,003DXS50KTAc2rQf0e,opt_in,ID,active,web_form,intake_form,2026/12/07,
CNSx6pmfbAbav0m,003jxEtAjl3KDsP3Fp,opt_in,TH,active,web_form,intake_form,2026/02/07,
CNSgZ11QkUkcAGg,003oE5P6hX3idrPYJM,consent,IN,active,web_form,intake_form,2026/07/10,
CNSmNn7Iz8Bhong,00394nRXXTNWuznrcs,soft_opt_in,ID,active,web_form,intake_form,2026/07/11,
CNSzPuaynDoeQ0r,003kjiX6W2ofqEgQnM,soft_opt_in,ID,active,web_form,intake_form,2026/07/19,
CNSe4nAtXMFgTIY,003vSm1cXIKdObrpEr,soft_opt_in,MY,active,web_form,intake_form,2026/07/18,
CNSgMuOSyR7XSiv,003tQLxEJHwBVJvwSD,opt_in,MY,active,web_form,intake_form,2026/07/05,
CNSQEevbM6LCyGO,003uhVI8WSlmnVErUL,opt_in,MY,active,web_form,intake_form,2026/07/06,
CNSaobNW5htpVBW,003oxltaTIircdJsS8,soft_opt_in,MY,active,web_form,intake_form,2026/07/06,
CNSixFsmjynPcp7,003KsEECvl9dq83Eh0,opt_in,MY,expired,web_form,intake_form,2026/07/19,
CNSviruPYWcHYAP,003jjZK8tfphJWAMMY,opt_in,IN,active,web_form,intake_form,2026/07/09,
CNSUvvpnId66QpZ,0033LBtKNdN9Vg8WnO,consent,IN,active,web_form,intake_form,2026/07/06,
CNSHulCOae3Fe9m,003ekaACSMEscosTsS,consent,IN,active,web_form,intake_form,2026/01/07,
CNSiflLJ1Y7npGf,003QZ7mBhIoPj6r0je,opt_in,EU,active,web_form,intake_form,2026/07/13,
CNSUmpBlMptsKC9,0036sChDStSz8rGIFC,soft_opt_in,MY,active,web_form,intake_form,2026/07/20,
CNSYEf8xzykECBG,003qbfo9R13KL8bWR0,opt_in,TH,active,web_form,intake_form,2026/07/19,
CNS09YEbWyB2fW6,003O0FfEwAvuQg2kvA,opt_in,ID,active,web_form,intake_form,2026/07/08,
CNSJUlqyDtDsyJM,003Xz3G0aQ3IDAdmHx,consent,IN,active,web_form,intake_form,2026/07/15,
CNSTEmj6maa3GUU,003hbOMZpTktJaJAfo,consent,IN,active,web_form,intake_form,2026/07/11,
CNSA8zVxyFtPLeA,0031EEpDJjym6MGV4i,soft_opt_in,SG,active,web_form,intake_form,2026/07/01,
CNSKkmWB9qX6WUw,0033jCIEwvJWIyD7u3,opt_in,TH,active,web_form,intake_form,2026/07/16,
CNSxSdPy7BVppEc,003VET6ZyyQY0PjF9c,opt_in,MY,active,web_form,intake_form,2026/07/11,
CNSPjqMD8RjqpML,003aUjA3PjeEYqvNSz,soft_opt_in,MY,active,web_form,intake_form,2026/07/05,
CNSfPT6yzTL5fH6,003NepOR6soVfBgWOT,consent,IN,active,web_form,intake_form,2026/07/06,
CNSBqStG9IQ4yLt,003xBjpHAKRYlklfN3,consent,IN,active,web_form,intake_form,2026/07/13,
CNSKXZw0jrVn7Vz,003Qa5ZD5sRIkeC8wL,soft_opt_in,MY,active,web_form,intake_form,2026/07/09,
CNS0FageXSAHAPs,003gpyKwKsSsb1Qzra,opt_in,MY,active,web_form,intake_form,2026/07/13,
CNSlTimFlG8hCK0,003NqRWUXQR1iOg5OP,soft_opt_in,TH,active,web_form,intake_form,2026/06/07,
CNSVlZWmq53ACO6,003VAlmiYI4xHG6r1k,soft_opt_in,TH,active,web_form,intake_form,2026/07/19,
CNSkfsfyhrevbLp,003YzaqIhDxRVRqLy0,legitimate_interest,EU,active,web_form,intake_form,2026/07/15,
CNSgadrW9aQLYcg,003ic8ctFhgp4IiyDx,opt_in,ID,active,web_form,intake_form,2026/07/05,
CNSyMH9Wr7FEWvM,003RxI5Pwdzrm9h820,consent,EU,active,web_form,intake_form,2026/07/13,
CNS4vu0p8xQzyNd,00303ovXjY5Mar2jiI,consent,IN,active,web_form,intake_form,2026/07/11,
CNSaD3SzU147ibM,003VAHhVeECXxGLgCG,soft_opt_in,TH,active,web_form,intake_form,2026/07/02,
CNSSW0pxCNRQ3EG,0035fuMjeirNOLJTuy,soft_opt_in,SG,active,web_form,intake_form,2026/07/13,
CNSO980ubOx3cZV,003Av0DzAUguBuQqx9,opt_in,ID,withdrawn,web_form,intake_form,2026/07/10,
CNSFzVNYfwB8787,003vQhAw3Q8WB36Ud9,opt_in,TH,active,web_form,intake_form,2026/07/15,
CNSsMmTj3H4KY2T,003oZB2JX0NNRPJbM7,soft_opt_in,MY,active,web_form,intake_form,2026/07/16,
CNSYft1RJ3Dk5C9,003fVHnyADvkxtUuX8,opt_in,SG,active,web_form,intake_form,2026/07/03,
CNSppnkW8QSfgBT,003hwBhsRRLFHQtcoz,opt_in,MY,active,web_form,intake_form,2026/06/30,
CNSu5yXroUqQE85,003ToGJ1QZwez3VcBb,opt_in,IN,active,web_form,intake_form,2026/03/07,
CNSOUFfYSv3o7KX,003fB2gpBLzHfz3tVv,consent,IN,active,web_form,intake_form,2026/07/19,
CNSy6TVVUyPPYJ9,003qmlMjWWPel8XOFD,soft_opt_in,TH,active,web_form,intake_form,2026/07/13,
CNShsfhfvVL7mV8,003wGetDCcdx1seP32,opt_in,IN,active,web_form,intake_form,2026/07/02,
CNS2u9yKVatdLIm,003j9dCgZ51vTfGPlc,opt_in,TH,active,web_form,intake_form,2026/07/12,
CNSxZR7YiHQMLog,003vgJRysqU2Q96M3j,soft_opt_in,SG,active,web_form,intake_form,2026/07/12,
CNSDuj08s1oFRDj,003QS18VR6HfPQBGxb,soft_opt_in,MY,active,web_form,intake_form,2026/07/19,
CNSQ2Z0ScMutGSh,003Qv4XNiMyjkl1SXN,soft_opt_in,MY,active,web_form,intake_form,2026/07/07,
CNS1nFsT9ydZvj0,003t9ZYE51mxR8KCDX,soft_opt_in,TH,active,web_form,intake_form,2026/06/07,
CNSd73Xl2FUzt0Q,003T2H2hsfWkrC5Gj1,opt_in,IN,active,web_form,intake_form,2026/07/05,
CNSvBREwWzzeHUs,003u7g1TPvYjics61E,consent,IN,active,web_form,intake_form,2026/09/07,
CNSJzgiuWYL3Zd2,003XspthdpAOYNDeh1,consent,IN,active,web_form,intake_form,2026/07/09,
CNSKiCSEs5jnnZV,003xe9HIGYGJby3EcO,opt_in,IN,active,web_form,intake_form,2026/07/06,
CNS2KgRY2jy8BR1,003cwIv0Pl1XRDSEOl,opt_in,SG,active,web_form,intake_form,2026/07/05,
CNSEl8dhGPvLBjO,003cWPmsw3Xd3PvrhZ,opt_in,IN,active,web_form,intake_form,2026/12/07,
CNSpzFtSM9lPVyX,003fBM0lIsugfuQstC,consent,IN,withdrawn,web_form,intake_form,2026/07/02,
CNSPyrOPCxahhfh,003GZVRk8bj2MRYCci,opt_in,TH,active,web_form,intake_form,2026/07/14,
CNSLKKErSVgYLly,003uPrp9hbVlFHy6Jh,opt_in,SG,active,web_form,intake_form,2026/07/15,
CNSigueT63YIlz0,0035TCfZR92uQwTeJI,opt_in,SG,active,web_form,intake_form,2026/06/30,
CNSIYZHFeH1LIT0,003JKxDZJiN4fetzTU,opt_in,TH,active,web_form,intake_form,2026/07/20,
CNSn9Q5hl3MSlaJ,003lX9iBG63d1hHjtk,opt_in,IN,active,web_form,intake_form,2026/07/14,
CNSiKnPkfJq2Wcf,003GPkL8LjkQNU5Mv1,soft_opt_in,SG,active,web_form,intake_form,2026/07/02,
CNS9IkB8Qaptc88,003pZZRztDeSdkCAED,opt_in,IN,active,web_form,intake_form,2026/07/16,
CNSCiKFSuH6wMIG,003hrCpjgds8y3NAp9,soft_opt_in,SG,active,web_form,intake_form,2026/07/06,
CNScpcmjt21n9iM,003GD9pnLwddsFM41P,consent,IN,active,web_form,intake_form,2026/07/17,
CNSriUNBeJqqyP5,003mxJseyGCWJr0NRN,soft_opt_in,ID,active,web_form,intake_form,2026/07/05,
CNS8qRB8SjIneOU,003iTvZEHDjM5Giu7N,soft_opt_in,MY,active,web_form,intake_form,2026/08/07,
CNSKQP0GMkA0juY,003vRhALtY5U3SObME,opt_in,MY,active,web_form,intake_form,2026/07/13,
CNSMperhIhRJAev,003K8ShmbCuAjASnAG,opt_in,ID,withdrawn,web_form,intake_form,2026/07/20,
CNSvXrj3Zoragyo,003RX3URPZSqNEm9pr,opt_in,MY,active,web_form,intake_form,2026/07/12,
CNShlHU4tL0ZFgH,003RIy5z0w9XZjscs9,soft_opt_in,ID,active,web_form,intake_form,2026/07/10,
CNSJrMg5dku8Wyl,003pdQ5HoOodgAvTEg,soft_opt_in,MY,active,web_form,intake_form,2026/07/10,
CNS42zELiqaRGTj,003IVU27c66lA41l76,consent,IN,active,web_form,intake_form,2026/04/07,
CNSVrd6UOxTXpRM,003PIHF48i2GDrmZhv,consent,IN,active,web_form,intake_form,2026/07/13,
CNSwZDGsr8BH8T4,003GufzQgliEu7paqy,opt_in,SG,active,web_form,intake_form,2026/07/07,
CNSf8tAXu2fOfeU,003754TXtShO68sxNo,soft_opt_in,MY,active,web_form,intake_form,2026/07/07,
CNSdfVsJ7FZ3a98,003HCHTxe6Khd1J5Gm,opt_in,IN,active,web_form,intake_form,2026/07/12,
CNSiEFGRR4IShza,003GADKdJDRZtUbzq0,opt_in,MY,active,web_form,intake_form,2026/07/19,
CNSVaTBSIVwpVQ8,003lXiXPUP9Ax5yC36,opt_in,ID,active,web_form,intake_form,2026/07/15,
CNSC9kR74WH5ole,003WbtDRUIBIy0opDw,opt_in,SG,expired,web_form,intake_form,2026/11/07,
CNS8dBFykxhv6Rp,003McCMRT3dpVczCoI,opt_in,IN,active,web_form,intake_form,2026/07/17,
CNSEsqnaVOKzn7t,003oAtrdJ8L4V6lORB,opt_in,IN,active,web_form,intake_form,2026/07/19,
CNSc7D5N2FdwaND,0032ot2TjZD6dJA9AJ,consent,IN,active,web_form,intake_form,2026/07/10,
CNSaw4UlzwagBFm,003RMMc3emZWLUQJnE,opt_in,TH,active,web_form,intake_form,2026/07/01,
CNSjAh6FajXQqoE,0036pJuXsyDIPwtqxG,opt_in,IN,active,web_form,intake_form,2026/07/12,
CNSB5lIZrgCQ1Ck,003qJ7LLUAsjmvoyK1,opt_in,IN,active,web_form,intake_form,2026/07/04,
CNSaw43Tmhmsciz,003Fl64IP9dHc12e80,opt_in,ID,active,web_form,intake_form,2026/07/13,
CNSkQm8E9QrhAFJ,003QFbaIJAabHUrIsb,opt_in,SG,active,web_form,intake_form,2026/07/15,
CNSWX4zGU7V10yi,003x9zDKpSotR02fP2,opt_in,IN,active,web_form,intake_form,2026/07/03,
CNSijwGaXRpdR1v,0036con53S4KErc7eR,opt_in,SG,active,web_form,intake_form,2026/07/12,
CNSBEssFfWBpNjU,003KpK12yR5IvyWViY,opt_in,IN,active,web_form,intake_form,2026/07/16,
CNSXh3qSpQ0BmET,003YCFowJ8yBlRLQyf,opt_in,SG,active,web_form,intake_form,2026/07/02,
CNSm2LOOjohizcr,003a8tCxWrgiflBCJJ,soft_opt_in,MY,active,web_form,intake_form,2026/06/07,
CNSNmf3dyAHtSOo,003KHkRykirtrFjekB,opt_in,ID,active,web_form,intake_form,2026/07/07,
CNSdGBPdthrxr8w,003a8zv1NyZ3vCvB00,consent,IN,active,web_form,intake_form,2026/07/13,
CNSdlcadQVunsEr,003yr0Yzxh7KmLIlRX,opt_in,IN,active,web_form,intake_form,2026/07/19,
CNSq8FxvthgQaRJ,003qQjTBYyeCMELzIG,opt_in,ID,active,web_form,intake_form,2026/07/04,
CNSZxVXLHMxpPrn,0039YBgagqoGVHJLSK,consent,IN,active,web_form,intake_form,2026/07/18,
CNSgiOVMhcL964P,003tvDYnHEwEgCUSCu,opt_in,SG,active,web_form,intake_form,2026/06/07,
CNS7ge8INvtUEWm,003kvJB9DoZzOllOQB,soft_opt_in,SG,active,web_form,intake_form,2026/07/17,
CNSmAJTq54W226J,003lxumDhqQ3FH9OuM,soft_opt_in,ID,expired,web_form,intake_form,2026/07/11,
CNSTh6BeEAH78GY,003RiuhpthlxSjGyAM,soft_opt_in,TH,active,web_form,intake_form,2026/06/30,
CNSS9isc9KdYSmV,0033w8aFim0y9JGPFA,consent,IN,active,web_form,intake_form,2026/07/12,
CNS3GekCWGyJXyz,003JGhKhrXI0xI0WcW,opt_in,ID,active,web_form,intake_form,2026/07/19,
CNSakKnLSa47YGD,003ZVLSw3TNOBkNiYn,soft_opt_in,MY,active,web_form,intake_form,2026/07/15,
CNS2osTrJhkocIp,0039WYA6dr3PiS3ipj,soft_opt_in,ID,active,web_form,intake_form,2026/07/09,
CNS84r7ir3YdPp0,003S74xD8FuLa3X2Uf,soft_opt_in,MY,active,web_form,intake_form,2026/07/05,
CNSPwOMxuf8T4Jq,003iK2FYv5RWdcgOY1,soft_opt_in,MY,active,web_form,intake_form,2026/07/04,
CNSsudO0a0woU9r,003PxqfxQ5PkdzOtUS,opt_in,MY,active,web_form,intake_form,2026/07/05,
CNSIQ3X8XLgUVSy,0033BSiEeoyfUZggux,opt_in,SG,active,web_form,intake_form,2026/07/20,
CNSOMJn0CournLO,003OVj6ANRC3nf5giW,soft_opt_in,MY,active,web_form,intake_form,2026/12/07,
CNSUUBxj5EfFlDl,003X8Sb22Q4tnHMGmV,consent,IN,active,web_form,intake_form,2026/05/07,
CNS8UlPsbtk4l0z,003y31KAxIRlWE9Xeb,opt_in,ID,active,web_form,intake_form,2026/07/19,
CNSeBpD6PzgUHiU,003OIINjrftfG6nZjI,opt_in,MY,expired,web_form,intake_form,2026/06/29,
CNSybh0aW1P7cip,003MdtQVQVlhaTiSak,soft_opt_in,ID,active,web_form,intake_form,2026/07/02,
CNSOMaY9a9YgIV0,003rHeqTKOeFDGxdF2,opt_in,SG,active,web_form,intake_form,2026/07/10,
CNSEWK5C0ktvEjp,003xy6jl792cJZ6TVP,soft_opt_in,ID,active,web_form,intake_form,2026/06/30,
CNSOIhb0cgIsgG4,003c9ze4D3sX2tufJD,soft_opt_in,SG,active,web_form,intake_form,2026/07/13,
CNSoboByjwPso64,003ja7AboIwO1S4a8v,opt_in,IN,withdrawn,web_form,intake_form,2026/07/12,
CNShog99sweNvhx,003c6o52HAS5xDVfLg,consent,IN,active,web_form,intake_form,2026/07/02,
CNSlBHvMlRBj5QR,003Croe8miXXLgjgkC,soft_opt_in,SG,active,web_form,intake_form,2026/07/08,
CNSw4gr6FQx7qZ6,003cn12ujfTp9wzGdR,soft_opt_in,MY,active,web_form,intake_form,2026/07/02,
CNSjXPjujyCUYYE,003im0zxRO8PfLLq60,opt_in,IN,active,web_form,intake_form,2026/07/02,
CNS9UrjfuilXywu,0037KB0UzFbyRBlwn6,opt_in,TH,active,web_form,intake_form,2026/07/15,
CNSAMYOviZ8P6py,003yiAmP4ZHpOZIYby,opt_in,IN,active,web_form,intake_form,2026/07/12,
CNSIFII0oyfLTAH,003dZEHwXLokgpQprI,soft_opt_in,MY,active,web_form,intake_form,2026/07/18,
CNSpxan2bxJE9i6,0038KKjK8m1Z4FItlF,consent,IN,active,web_form,intake_form,2026/07/03,
CNSx223X0isDj12,003dbjLT6jXh2H3x9e,soft_opt_in,MY,active,web_form,intake_form,2026/07/17,
CNS0odVih9STjyU,003T9JS47NYwoQL0ly,opt_in,MY,active,web_form,intake_form,2026/06/30,
CNSSgQLeE1M3kbj,003OKg7FjvVepwukO4,soft_opt_in,MY,active,web_form,intake_form,2026/11/07,
CNSeaK10AjWlEVi,003k4AF4ywIyg1EY3K,opt_in,ID,expired,web_form,intake_form,2026/07/16,
CNSUvCYPSashjd4,00385fvMN5ETbB8PkM,consent,IN,active,web_form,intake_form,2026/07/20,
CNSlGkaz1BR84DJ,003pgdzKJ1FjdxaBfs,consent,EU,active,web_form,intake_form,2026/07/07,
CNSToB7krfHy8iV,003PIylx4yxlCcqCDq,opt_in,TH,active,web_form,intake_form,2026/07/06,
CNSozl0VJM1e0SD,0031y0HA9IR37EK4pE,opt_in,TH,active,web_form,intake_form,2026/07/15,
CNSz0ykdZxPBmrg,003nZmicBfRBm0Oj1M,soft_opt_in,SG,active,web_form,intake_form,2026/07/03,
CNSX2vbpskIgenM,003hAjjKLLW98g7gKX,soft_opt_in,MY,active,web_form,intake_form,2026/06/30,
CNSmO7cprfKKcKY,003jNMRSzcz44vSpdV,soft_opt_in,ID,active,web_form,intake_form,2026/07/15,
CNSf8tawWs9zGmu,003X0urUAMPfmCn60A,opt_in,ID,expired,web_form,intake_form,2026/07/12,
CNSSRgvA5VGgGZX,003m41m1dpcDd6xTmr,consent,IN,active,web_form,intake_form,2026/07/04,
CNSyEL32cskjRDf,003wk15qV1Sfsbydk2,opt_in,TH,active,web_form,intake_form,2026/07/20,
CNSo4nZRPjXTk9G,003MZaoqMZ8tT9TPrB,consent,EU,active,web_form,intake_form,2026/07/15,
CNS7XvCYivsxN28,003PMMstRgEevrOu3r,opt_in,SG,active,web_form,intake_form,2026/07/13,
CNSXRypnNMe9jKO,003zyVcLTK0mvUToRI,opt_in,MY,active,web_form,intake_form,2026/07/15,
CNSjX3tJ3ZY5fFg,003owoV3tAY4vxqLsD,consent,IN,active,web_form,intake_form,2026/07/14,
CNSskerKxwfelTX,003imvAK56Dju3TlXf,opt_in,TH,active,web_form,intake_form,2026/07/14,
CNSqW4CP7i8hKFc,003NBOBzB9EyacImUx,opt_in,MY,active,web_form,intake_form,2026/07/11,
CNS2N6RiCxG2N8u,003tke0ct8sDUHMHvB,consent,IN,active,web_form,intake_form,2026/07/11,
CNSGCq44RcNPdVY,003GkhxTPYcy4OqXIN,opt_in,MY,active,web_form,intake_form,2026/07/06,
CNS2gsykKz2eoy3,003SROatAQgQHrNMSi,opt_in,ID,withdrawn,web_form,intake_form,2026/07/14,
CNSDPI50DgflUg6,003skcJF6nS7EvpaaQ,opt_in,ID,active,web_form,intake_form,2026/07/12,
CNSveuvMFnSVEhr,003Ddg0l3c2sxZRuBV,opt_in,TH,active,web_form,intake_form,2026/07/14,
CNS8EjOnuKcMXyd,0030vlhzz9Dr1yS2EZ,opt_in,ID,active,web_form,intake_form,2026/07/11,
CNSndn3b8WRBrqO,003NyXwNb3R41U5iE6,consent,IN,active,web_form,intake_form,2026/07/05,
CNSrzft3TC3AHnQ,0039Q3vHHSSNgBQUpE,consent,IN,active,web_form,intake_form,2026/08/07,
CNSf55Bv9Wtkmw8,003pvrdGoJPyz0pfDC,consent,IN,active,web_form,intake_form,2026/07/13,
CNSSYk9SBw6SKy0,003Ot4GJnPQD8vx0d0,opt_in,IN,active,web_form,intake_form,2026/06/29,
CNSMmeUQLNjuQ08,0031O9ZsJHxSgc5kFi,opt_in,MY,active,web_form,intake_form,2026/07/10,
CNSD7jF3uhYRAqH,0037O1RLhX5CDQL9Gi,soft_opt_in,MY,active,web_form,intake_form,2026/06/30,
CNS2iOCOLgcnVmA,003yQMM4uG4yAM6SWp,opt_in,MY,active,web_form,intake_form,2026/07/17,
CNSnwn8mRK9ax0x,003nNTsRw6RiTP9lGI,soft_opt_in,TH,active,web_form,intake_form,2026/06/30,
CNSG03hSFPDAAww,003byjdQdmrWYksRqj,consent,IN,active,web_form,intake_form,2026/07/17,
CNSWvh7lDBxlJMk,003pGYYZSsSQd7yyA9,soft_opt_in,SG,active,web_form,intake_form,2026/07/17,
CNS2QSRBOsSN875,003mXU9msClRel9lVG,opt_in,IN,active,web_form,intake_form,2026/07/03,
CNSgfPbN7AgFVWN,003dX7ON1QtFYKJweY,opt_in,SG,active,web_form,intake_form,2026/07/17,
CNSGLZcQs2AnoXD,003xsn8WNHEJ0WPahQ,consent,IN,active,web_form,intake_form,2026/07/17,
CNS2E8hw9Y6DA60,0036H0XxGZGCFcs5Pm,opt_in,ID,active,web_form,intake_form,2026/07/20,
CNSxYoGsr4Qqt15,0031S4VXBP08eVRjbD,opt_in,MY,withdrawn,web_form,intake_form,2026/07/13,
CNS6AcabjYx10H0,003ubyRhIaPUNeWVLc,soft_opt_in,SG,withdrawn,web_form,intake_form,2026/07/19,
CNS9KBpJzmNPz1d,003oiVzYZ2Is9OjtR4,opt_in,SG,active,web_form,intake_form,2026/07/18,
CNSOyUlz5uHkBog,003nA5P2GjkloN1qmh,opt_in,IN,active,web_form,intake_form,2026/07/03,
CNSKYz1WO6q1Jk8,003iQPpgsNe5muFCvN,soft_opt_in,SG,active,web_form,intake_form,2026/10/07,
CNSfbBaOXLjbNTI,003QZ7mBhIoPj6r0je,opt_in,MY,active,tradeshow_scan,event_list,2026/07/22,
CNS6fKybVUiDOOX,003GHOSTNOEXIST42,consent,EU,active,web_form,intake_form,2026/11/07,
