Id,FirstName,LastName,Email,Phone,Title,AccountId,LeadSource,Lead_Stage__c,HasOptedOutOfEmail,DoNotCall,OwnerId,Owner_Name,CreatedDate,LastModifiedDate,LastActivityDate,consent_basis,region,duplicate_key,confidence
003TTAe7YV378jlm2Z,Lena,Ncube,lena.ncube@highland.com,+60169012174,Analyst,001zFBTL4HjeE6O3X5,Pricing Page,Open,false,false,005AE3,Wei Ho,2026-07-11 00:00:00,2026-07-09T00:00:00+08:00,2026-07-09,opt_in,ID,lenancube@highland.com,
003AIyJKzOngMJv6BV,Kumar,Ismail ,kumar.ismail@cendana.com,+60129949046,,001DqPOAEhtUaG5zpX,Referral,Customer,false,false,005AE3,Wei Ho,01/07/2026,2026-07-09T00:00:00+08:00,2026-07-15,consent,IN,kumarismail@cendana.com,0.80
003p7rC5YwVTNekUnZ,James,Cheng ,james.cheng@highland.com,+60173453813,VP Finance,001czRhV7L6PwXABeP,Pricing Page,SQL,true,false,005AE3,Wei Ho,Jun 24 2026,2026-07-11T00:00:00+08:00,2026-06-22,,ID,jamescheng@highland.com,0.65
003EHGL4D4Vo3txzQT,Marcus,WONG,marcus.wong@straits.com,+60105883216,Analyst,001emnneWwt2WsopvX,Content,Open,false,false,005AE3,Wei Ho,2026-06-14 00:00:00,2026-07-15T00:00:00+08:00,2026-07-14,opt_in,IN,marcuswong@straits.com,0.91
003Ua1adavpWKR9c2s,Faizal,Ong,faizal.ong@delta.com,+60164457990,Procurement Lead,001XP4wFZEA5SFB2eQ,Trade Show,Opportunity,false,false,005AE3,Wei Ho,2026-07-01 00:00:00,2026-07-05T00:00:00+08:00,2026-06-24,opt_in,MY,faizalong@delta.com,0.88
003rSxXve61Lq38YFh,Rajesh,NAIR,rajesh.nair@andaman.com,+60154508875,,001zeskKCwlSjzF33C,Trade Show,Open,false,false,005AE1,Mei Chen,2026-06-22 00:00:00,2026-07-13T00:00:00+08:00,2026-06-25,consent,IN,rajeshnair@andaman.com,0.86
00396C6HxHXrhyecH3,Farah,Menon ,farah.menon@lotus.com,+60138680642,Procurement Lead,001ZrNDru0WnWI7C1E,Web,SQL,false,false,005AE2,Arjun Prakash,2026-06-08 00:00:00,2026-07-08T00:00:00+08:00,2026-06-16,soft_opt_in,TH,farahmenon@lotus.com,0.67
003l8OWzljbJ0NnaKw,Arun,Ho,arun.ho@highland.com,+60198960324,VP Finance,001KLFqZmwWENh8l4n,Pricing Page,Opportunity,false,true,005AE1,Mei Chen,2026-07-09 00:00:00,2026-07-14T00:00:00+08:00,2026-06-28,opt_in,TH,arunho@highland.com,0.97
003uNxughaCJZ1YMs9,Faizal,Ng,faizal.ng@straits.com,+60163082460,Procurement Lead,001uOiJaJkJat7CrhI,Pricing Page,MQL,false,false,005AE1,Mei Chen,2026-06-06 00:00:00,2026-07-13T00:00:00+08:00,2026-06-22,opt_in,IN,faizalng@straits.com,0.59
0039dOnvbLvkGO5FvE,Rajesh,Das,rajesh.das@highland.com,+60192671738,IT Manager,001zeskKCwlSjzF33C,Web,MQL,false,false,005AE2,Arjun Prakash,2026-06-18 00:00:00,2026-07-09T00:00:00+08:00,2026-06-25,opt_in,IN,rajeshdas@highland.com,0.59
003QYoqD7N5s2QrSBT,Daniel,Ong,daniel.ong@northern.com,+60118220188,IT Manager,001o1u7ckTr414cYaE,Web,Opportunity,false,false,005AE4,Priya Nair,2026-06-11 00:00:00,2026-07-15T00:00:00+08:00,2026-06-17,soft_opt_in,TH,danielong@northern.com,0.82
003foruN2bI7irZa7S,Michael,Lee,michael.lee@orionfreight.com,+60193487730,,001DqPOAEhtUaG5zpX,Web,SQL,false,false,005AE4,Priya Nair,2026-07-11 00:00:00,2026-07-11T00:00:00+08:00,2026-06-27,consent,IN,michaellee@orion.com,
0034SaTsCmEY6aeBEA,Michael,Lee,m.lee@orionfreight.com,+60185115445,Procurement Lead,001DqPOAEhtUaG5zpX,Pricing Page,Open,false,false,005AE3,Wei Ho,2026-06-29 00:00:00,2026-07-12T00:00:00+08:00,2026-07-14,consent,IN,mlee@orion.com,0.98
003GMPRbtpqAKZ82id,Lena,Chua,lena.chua@cendana.com,+60154618700,Procurement Lead,0017ZpRREyu0xUNxMk,Webinar,Opportunity,false,false,005AE1,Mei Chen,2026-06-27 00:00:00,2026-07-15T00:00:00+08:00,2026-07-13,soft_opt_in,MY,lenachua@cendana.com,
0036IpmfT3noEy0NAU,Wei,Wong,wei.wong@straits.com,+60198003940,VP Finance,001zFBTL4HjeE6O3X5,Web,Opportunity,false,false,005AE3,Wei Ho,2026-06-21 00:00:00,2026-07-15T00:00:00+08:00,2026-07-05,soft_opt_in,ID,weiwong@straits.com,0.91
003Qdx3WB2jM5qNaob,Nadia,Tan,nadia.tan@lumina.com,+60112848096,Analyst,001zeskKCwlSjzF33C,Web,SQL,false,false,005AE1,Mei Chen,2026-06-05 00:00:00,2026-07-14T00:00:00+08:00,2026-07-03,opt_in,IN,nadiatan@lumina.com,0.80
003jOff2KR4ea8nKPy,Nurul,Hassan,nurul.hassan@delta.com,+60142419826,Head of Ops,001qq3TNBjJ3KzyUi2,Webinar,Open,false,false,005AE4,Priya Nair,2026-06-29 00:00:00,2026-07-12T00:00:00+08:00,2026-06-22,opt_in,MY,nurulhassan@delta.com,0.57
003Cz5BK79Vc8PxESN,Aisha,Wong,aisha.wong@lotus.com,+60157292480,Procurement Lead,001Ro9LKAn1aSYMmyY,Content,Open,false,false,005AE4,Priya Nair,2026-06-24 00:00:00,2026-07-09T00:00:00+08:00,2026-06-22,opt_in,TH,aishawong@lotus.com,0.89
003D1sVRnl3PpSwyTc,Bryan,Teo,bryan.teo@klang.com,+60195830478,VP Finance,001TBInfrgtzjDX8yt,Webinar,SQL,false,false,005AE1,Mei Chen,2026-07-09 00:00:00,2026-07-07T00:00:00+08:00,2026-06-26,opt_in,SG,bryanteo@klang.com,0.93
003gybdOyBcQbgqizi,Lena,Chen,lena.chen@summit.com,+60166817131,Procurement Lead,001ZMszSLB72NFP6ir,Trade Show,Customer,false,false,005AE3,Wei Ho,22/06/2026,2026-07-13T00:00:00+08:00,2026-07-12,opt_in,SG,lenachen@summit.com,0.72
003icpXj7VwT0AazRl,Grace,Yeoh,grace.yeoh@northgate.com,+60176574048,Head of Ops,001XkIYYMYi2hcBYX0,Web,MQL,false,false,005AE2,Arjun Prakash,Jun 09 2026,2026-07-07T00:00:00+08:00,2026-07-09,opt_in,IN,graceyeoh@northgate.com,0.83
003Mt2xVzKFS6UVS1X,Grace,Yeoh,g.yeoh@northgate-inst.com,+60111018927,Procurement Lead,001XkIYYMYi2hcBYX0,Pricing Page,MQL,false,false,005AE4,Priya Nair,2026-06-10 00:00:00,2026-07-15T00:00:00+08:00,2026-07-11,opt_in,IN,gyeoh@northgate.com,0.62
003PPBgaiaQb5fsyhs,Siti,Chua,siti.chua@highland.com,+60113926262,,001XkIYYMYi2hcBYX0,Pricing Page,SQL,false,false,005AE1,Mei Chen,05/06/2026,2026-07-05T00:00:00+08:00,2026-06-22,opt_in,IN,sitichua@highland.com,0.64
0035ncDTvs38nrFMAS,Mei,Ong,mei.ong@highland.com,+60144867935,Procurement Lead,001XVPrG5zoRw6R4bE,Referral,Open,false,false,005AE3,Wei Ho,2026-07-12 00:00:00,2026-07-08T00:00:00+08:00,2026-07-11,soft_opt_in,ID,meiong@highland.com,
003gRzSdAK4hk0THac,Sarah,Ong,sarah.ong@bharat.com,+60106805109,GM,001QH756sYhE3xvrqJ,Content,Opportunity,false,false,005AE3,Wei Ho,2026-06-22 00:00:00,2026-07-14T00:00:00+08:00,2026-06-26,opt_in,SG,sarahong@bharat.com,0.82
0034Kp57AK0Q8FTBl6,Zara,Krishnan,zara.krishnan@northern.com,+60133614136,Analyst,001Ro9LKAn1aSYMmyY,Web,MQL,false,false,005AE2,Arjun Prakash,2026-06-13 00:00:00,2026-07-13T00:00:00+08:00,2026-07-04,opt_in,TH,zarakrishnan@northern.com,0.79
0036OWyxgUn0io4Jzf,Grace,Chen,grace.chen@andaman.com,+60196605389,Procurement Lead,001vTpO5ZiKeUS89sO,Content,Open,false,false,005AE2,Arjun Prakash,2026-07-06 00:00:00,2026-07-10T00:00:00+08:00,2026-06-29,,ID,gracechen@andaman.com,0.62
003R2WaD3vKzeg8dua,Jaya,Lim,jaya.lim@highland.com,+60110959073,VP Finance,0015Ow05Rcuo8wKeHk,Web,MQL,false,false,005AE4,Priya Nair,2026-07-02 00:00:00,2026-07-08T00:00:00+08:00,2026-06-26,,ID,jayalim@highland.com,0.67
0032kprEnDkDmvntmO,Bryan,Kumar,bryan.kumar@highland.com,+60132658426,VP Finance,001zJ1DMIY5suKOMgP,Webinar,Open,false,false,005AE2,Arjun Prakash,2026-06-17 00:00:00,2026-07-05T00:00:00+08:00,2026-06-19,opt_in,ID,bryankumar@highland.com,0.85
0038lsG6yy7CXcdEmA,Aisha,TEO,aisha.teo@orion.com,+60181031970,GM,001y7oXm8Oa2wFG5HC,Pricing Page,Customer,false,false,005AE2,Arjun Prakash,2026-07-05 00:00:00,2026-07-14T00:00:00+08:00,2026-06-18,,MY,aishateo@orion.com,0.65
003X4WkkjgtCJoThbW,Wan,Teo,wan.teo@northgate.com,+60113059573,Analyst,001ZrNDru0WnWI7C1E,Webinar,Opportunity,false,false,005AE3,Wei Ho,2026-07-11 00:00:00,2026-07-11T00:00:00+08:00,2026-06-15,opt_in,TH,wanteo@northgate.com,0.90
003tnXMtZLCMRZ2qCM,Tariq,Goh,tariq.goh@northgate.com,+60179660215,Analyst,001zeskKCwlSjzF33C,Referral,Customer,false,false,005AE4,Priya Nair,2026-07-14 00:00:00,2026-07-07T00:00:00+08:00,2026-06-20,opt_in,IN,tariqgoh@northgate.com,0.67
003avgMFIdExp3RZCV,Kumar,Kumar LLC,kumar.kumar@zenith.com,+60124984931,Analyst,0014QNOMWOjv9qdb2V,Content,Customer,false,false,005AE2,Arjun Prakash,2026-06-12 00:00:00,2026-07-13T00:00:00+08:00,2026-07-15,opt_in,SG,kumarkumar@zenith.com,0.95
003B4xW8I94QLqLzQX,Zara,Tan,zara.tan@harbor.com,+60165910053,Procurement Lead,001czRhV7L6PwXABeP,Web,Customer,false,false,005AE4,Priya Nair,16/06/2026,2026-07-08T00:00:00+08:00,2026-06-18,soft_opt_in,ID,zaratan@harbor.com,0.64
003WvWycNQaJpGJsjr,Jaya,Abdullah,jaya.abdullah@northgate.com,+60106429987,IT Manager,001BxXdFCOmhaNf0ez,Web,Customer,false,false,005AE3,Wei Ho,2026-07-05 00:00:00,2026-07-06T00:00:00+08:00,2026-06-27,,TH,jayaabdullah@northgate.com,0.72
003blM0OJ6mHvqPbbV,Kumar,Ong,kumar.ong@straits.com,+60183301363,GM,001KRbHQQpMxQhnrct,Pricing Page,Open,false,false,005AE4,Priya Nair,2026-06-07 00:00:00,2026-07-14T00:00:00+08:00,2026-07-13,soft_opt_in,SG,kumarong@straits.com,0.61
003p3uRpiaLhhYbTvt,Mei,Lee,mei.lee@sunrise.com,+60186885433,,001ZrNDru0WnWI7C1E,Web,Open,false,false,005AE2,Arjun Prakash,2026-06-09 00:00:00,2026-07-07T00:00:00+08:00,2026-06-16,opt_in,TH,meilee@sunrise.com,0.66
003sNGixBTRY5NKMY9,Anjali,Iyer ,anjali.iyer@mekong.com,+60166519171,Head of Ops,001XkIYYMYi2hcBYX0,Trade Show,Customer,false,false,005AE2,Arjun Prakash,2026-06-13 00:00:00,2026-07-12T00:00:00+08:00,2026-06-30,opt_in,IN,anjaliiyer@mekong.com,0.88
003o1KW3FT7J1Wb6gG,Uma,Hassan,uma.hassan@highland.com,+60149546322,IT Manager,001wlaDCnCdllvimD4,Trade Show,Opportunity,false,false,005AE2,Arjun Prakash,2026-07-09 00:00:00,2026-07-15T00:00:00+08:00,2026-06-23,soft_opt_in,MY,umahassan@highland.com,0.95
003zGvsU55UC7Ep3Fv,Lakshmi,Das,lakshmi.das@coastal.com,+60175657928,Procurement Lead,001bnKtBrKYKSSBpwN,Referral,Open,false,false,005AE1,Mei Chen,2026-06-17 00:00:00,2026-07-13T00:00:00+08:00,2026-06-28,,ID,lakshmidas@coastal.com,0.71
0031rYak8x5Ajg0oqi,Omar,Gopal ,omar.gopal@coastal.com,+60178429546,Analyst,001DqPOAEhtUaG5zpX,Referral,Open,false,false,005AE1,Mei Chen,2026-06-05 00:00:00,2026-07-13T00:00:00+08:00,2026-06-27,consent,IN,omargopal@coastal.com,0.77
003d6teEsgPckDX2AN,Jaya,Das,jaya.das@lumina.com,+60119500026,GM,0018pb10cLQ0vkB1eE,Content,Open,false,false,005AE2,Arjun Prakash,Jun 25 2026,2026-07-15T00:00:00+08:00,2026-07-13,opt_in,ID,jayadas@lumina.com,0.88
00328hDV9pZCHmbWv1,Chloe,Raj,chloe.raj@lumina.com,+60170738686,Procurement Lead,001o1u7ckTr414cYaE,Content,SQL,false,false,005AE1,Mei Chen,2026-06-19 00:00:00,2026-07-12T00:00:00+08:00,2026-06-17,opt_in,TH,chloeraj@lumina.com,0.62
003xTOrW6iBBdHGtzn,Bryan,OSMAN,bryan.osman@kirana.com,+60197483000,,001wlaDCnCdllvimD4,Content,Opportunity,false,false,005AE4,Priya Nair,2026-06-26 00:00:00,2026-07-14T00:00:00+08:00,2026-06-29,opt_in,MY,bryanosman@kirana.com,0.90
003snsSNc31BW1Ojii,Sarah,Krishnan ,sarah.krishnan@lotus.com,+60103734234,,001KLFqZmwWENh8l4n,Web,Customer,false,false,005AE2,Arjun Prakash,2026-06-11 00:00:00,2026-07-09T00:00:00+08:00,2026-07-08,soft_opt_in,TH,sarahkrishnan@lotus.com,0.81
003s44EKQugkzkc5XN,Siti,KUMAR,siti.kumar@meridian.com,+60195613551,Head of Ops,001QH756sYhE3xvrqJ,Webinar,Open,false,false,005AE2,Arjun Prakash,Jul 02 2026,2026-07-11T00:00:00+08:00,2026-06-26,soft_opt_in,SG,sitikumar@meridian.com,0.72
003aWNXPWFPn6ZfzWQ,Arun,Abdullah,arun.abdullah@brightwave.com,+60183524073,VP Finance,001jJI14UZmcqlVw5M,Referral,Open,false,false,005AE3,Wei Ho,2026-07-10 00:00:00,2026-07-15T00:00:00+08:00,2026-06-22,soft_opt_in,SG,arunabdullah@brightwave.com,0.78
003C2l2nYaRtlNP1yf,Hakim,Lee,hakim.lee@klang.com,+60118591855,Analyst,001799bPWF8ea48ie7,Pricing Page,Open,false,false,005AE3,Wei Ho,2026-06-12 00:00:00,2026-07-08T00:00:00+08:00,2026-07-07,opt_in,MY,hakimlee@klang.com,0.85
003nj576dfv9I9pfnz,Wei,Loo,wei.loo@northgate.com,+60154962129,GM,001JffndpEwzhlu4bS,Referral,Customer,true,false,005AE3,Wei Ho,2026-06-25 00:00:00,2026-07-11T00:00:00+08:00,2026-07-01,opt_in,TH,weiloo@northgate.com,0.85
003zxgJgL2leXYC0VW,James,Abdullah,james.abdullah@andaman.com,+60179744128,Founder,001wjlpFhmyYbEU2tD,Referral,Opportunity,false,false,005AE2,Arjun Prakash,2026-06-17 00:00:00,2026-07-06T00:00:00+08:00,2026-07-02,soft_opt_in,ID,jamesabdullah@andaman.com,0.89
0039OClGq4wGa6AjRP,Marcus,Hassan,marcus.hassan@pacific.com,+60103575690,IT Manager,001PCJEf1Lir6msChM,Web,Open,false,false,005AE3,Wei Ho,2026-07-08 00:00:00,2026-07-11T00:00:00+08:00,2026-07-03,soft_opt_in,SG,marcushassan@pacific.com,0.60
003j40yPUgr3U4pVAa,Mei,Lee ,mei.lee@pacific.com,+60136078797,,001Y3LBbuJoB9K6hD6,Web,SQL,false,false,005AE2,Arjun Prakash,2026-07-10 00:00:00,2026-07-10T00:00:00+08:00,2026-07-08,soft_opt_in,TH,meilee@pacific.com,0.62
003hj8MRa5GGQVGTED,Sarah,Menon,sarah.menon@bharat.com,+60146178390,GM,0017Sqr0O072IojSHD,Web,SQL,false,false,005AE3,Wei Ho,2026-06-15 00:00:00,2026-07-13T00:00:00+08:00,2026-06-26,,TH,sarahmenon@bharat.com,0.97
003QKxkyppoOYAXuZI,Rajesh,Rahman,rajesh.rahman@northgate.com,+60100751669,,001KRbHQQpMxQhnrct,Referral,MQL,false,false,005AE3,Wei Ho,2026-07-15 00:00:00,2026-07-05T00:00:00+08:00,2026-06-16,,SG,rajeshrahman@northgate.com,0.98
003e9k8XA1wJ6glkhd,David,Wong,david.wong@pacific.com,+60106719576,VP Finance,001B6ICJ1JKEWzvaOw,Referral,MQL,false,false,005AE4,Priya Nair,2026-06-07 00:00:00,2026-07-05T00:00:00+08:00,2026-06-28,consent,IN,davidwong@pacific.com,0.77
003ryQh3bTdq6LQYbo,Priya,Lee,priya.lee@kirana.com,+60166650994,VP Finance,001hkNKWNDARWM6kP2,Web,MQL,false,false,005AE1,Mei Chen,2026-07-11 00:00:00,2026-07-09T00:00:00+08:00,2026-06-28,consent,IN,priyalee@kirana.com,0.93
003KwxB8E03xN4A7DW,Grace,Musa,grace.musa@highland.com,+60140487199,Analyst,001uOiJaJkJat7CrhI,Referral,Open,false,false,005AE2,Arjun Prakash,2026-06-26 00:00:00,2026-07-05T00:00:00+08:00,2026-06-15,opt_in,IN,gracemusa@highland.com,0.92
003W4dZ2v2dIiMtvbC,Devi,GOPAL,devi.gopal@straits.com,+60192815941,Procurement Lead,001nW98aLpiWzUMZtE,Content,Customer,false,false,005AE2,Arjun Prakash,2026-06-15 00:00:00,2026-07-05T00:00:00+08:00,2026-07-09,consent,IN,devigopal@straits.com,0.62
003dSq7BAsMzOeip2s,Lena,Fernandez,lena.fernandez@bharat.com,+60192776015,GM,001zeskKCwlSjzF33C,Trade Show,Customer,false,false,005AE2,Arjun Prakash,2026-06-30 00:00:00,2026-07-09T00:00:00+08:00,2026-06-27,consent,IN,lenafernandez@bharat.com,0.79
003jMshgsPBmPSiYoR,Marcus,Prakash,marcus.prakash@sunrise.com,+60196512770,GM,0014QNOMWOjv9qdb2V,Web,Opportunity,false,false,005AE2,Arjun Prakash,2026-06-09 00:00:00,2026-07-08T00:00:00+08:00,2026-07-15,opt_in,SG,marcusprakash@sunrise.com,0.81
003dZdQIjfayO82saK,Mei,Aziz,mei.aziz@everbright.com,+60182309424,GM,001XVPrG5zoRw6R4bE,Webinar,Open,false,false,005AE2,Arjun Prakash,2026-06-13 00:00:00,2026-07-13T00:00:00+08:00,2026-07-06,soft_opt_in,ID,meiaziz@everbright.com,0.56
003rH1ESExnO8SEB8M,Zara,TEO,zara.teo@klang.com,+60120339140,Head of Ops,001o1u7ckTr414cYaE,Webinar,SQL,false,false,005AE4,Priya Nair,2026-07-13 00:00:00,2026-07-09T00:00:00+08:00,2026-06-29,soft_opt_in,TH,zarateo@klang.com,0.94
003H691WGD0xx81PYU,Sarah,Chen,sarah.chen@klang.com,+60195369653,GM,001nW98aLpiWzUMZtE,Referral,SQL,false,true,005AE3,Wei Ho,27/06/2026,2026-07-05T00:00:00+08:00,2026-06-22,opt_in,IN,sarahchen@klang.com,0.66
003vriF5P63luchp9A,David,Ong,david.ong@bharat.com,+60114011706,Procurement Lead,001B6ICJ1JKEWzvaOw,Content,Customer,false,false,005AE1,Mei Chen,2026-06-23 00:00:00,2026-07-05T00:00:00+08:00,2026-06-30,consent,IN,davidong@bharat.com,0.94
003leygdPNcc2Vk7xE,Uma,Abdullah,uma.abdullah@kirana.com,+60118615243,Analyst,001o1u7ckTr414cYaE,Webinar,Open,false,false,005AE4,Priya Nair,27/06/2026,2026-07-15T00:00:00+08:00,2026-06-18,opt_in,TH,umaabdullah@kirana.com,
003ZkusvoPfOIK6mIQ,Grace,Nair,grace.nair@summit.com,+60117115100,VP Finance,0016ghtzFH0UgGkUkH,Trade Show,Open,false,false,005AE4,Priya Nair,2026-07-10 00:00:00,2026-07-05T00:00:00+08:00,2026-06-30,opt_in,IN,gracenair@summit.com,0.91
003wAMwg4RQ8qP1a9q,Ismail,LEE,ismail.lee@everbright.com,+60146588168,Founder,001B6ICJ1JKEWzvaOw,Web,Open,false,false,005AE1,Mei Chen,2026-06-07 00:00:00,2026-07-14T00:00:00+08:00,2026-07-15,consent,IN,ismaillee@everbright.com,0.61
003NbW3VTYMpvA4aBs,Rajesh,GOPAL,rajesh.gopal@lumina.com,+60185090309,GM,001DqPOAEhtUaG5zpX,Pricing Page,Open,false,false,005AE2,Arjun Prakash,2026-06-28 00:00:00,2026-07-08T00:00:00+08:00,2026-06-17,,IN,rajeshgopal@lumina.com,
003gF41vvjhfxjw0U8,Mei,Tan,mei.tan@bharat.com,+60102738191,Head of Ops,0018pb10cLQ0vkB1eE,Content,MQL,false,false,005AE3,Wei Ho,2026-06-20 00:00:00,2026-07-05T00:00:00+08:00,2026-07-04,opt_in,ID,meitan@bharat.com,0.67
003tT8Vs3kvf9rHxYC,Grace,Ong,grace.ong@lumina.com,+60180110433,Founder,0018pb10cLQ0vkB1eE,Pricing Page,Customer,false,false,005AE4,Priya Nair,30/06/2026,2026-07-08T00:00:00+08:00,2026-07-06,,ID,graceong@lumina.com,0.97
003ZK2gvUf2lM18iVu,Hakim,Nair ,hakim.nair@highland.com,+60109488413,Procurement Lead,001czRhV7L6PwXABeP,Trade Show,Open,false,false,005AE3,Wei Ho,2026-06-29 00:00:00,2026-07-09T00:00:00+08:00,2026-06-23,opt_in,ID,hakimnair@highland.com,
003eIvTudh5zlU4HXL,Wei,Ncube ,wei.ncube@meridian.com,+60131375487,Procurement Lead,001yjb50XlJAdc7p3L,Trade Show,MQL,false,false,005AE4,Priya Nair,2026-06-22 00:00:00,2026-07-12T00:00:00+08:00,2026-07-06,opt_in,IN,weincube@meridian.com,0.99
003IjuSOVRQxDaKXAi,Faizal,Ng,faizal.ng@klang.com,+60159941646,Founder,001jJI14UZmcqlVw5M,Content,SQL,false,false,005AE2,Arjun Prakash,2026-06-24 00:00:00,2026-07-14T00:00:00+08:00,2026-06-15,,SG,faizalng@klang.com,0.74
0038wJblx0jvHUPrrm,James,Ong,james.ong@highland.com,+60123233247,Head of Ops,001PCJEf1Lir6msChM,Referral,Open,false,false,005AE2,Arjun Prakash,21/06/2026,2026-07-08T00:00:00+08:00,2026-07-02,soft_opt_in,SG,jamesong@highland.com,0.60
003csV01zyIh9dzIjt,Ismail,Wong,ismail.wong@everbright.com,+60171342943,Head of Ops,001KLFqZmwWENh8l4n,Trade Show,Opportunity,false,false,005AE3,Wei Ho,2026-06-07 00:00:00,2026-07-15T00:00:00+08:00,2026-07-14,opt_in,TH,ismailwong@everbright.com,0.58
003mk7P8B7O8Tk4M38,Lakshmi,Goh,lakshmi.goh@orion.com,+60138465226,Procurement Lead,001QHFjSNhc5jCeo0R,Trade Show,Open,false,false,005AE1,Mei Chen,2026-07-06 00:00:00,2026-07-07T00:00:00+08:00,2026-06-27,opt_in,SG,lakshmigoh@orion.com,0.81
003eT3bm80Ft6JCQiR,Tariq,Ho,tariq.ho@lumina.com,+60181324517,Founder,0014QNOMWOjv9qdb2V,Content,Open,false,false,005AE1,Mei Chen,2026-06-20 00:00:00,2026-07-14T00:00:00+08:00,2026-06-25,,SG,tariqho@lumina.com,0.81
003yDzRUt7uV8voYAZ,David,Yeoh,david.yeoh@orion.com,+60181724437,GM,001zFBTL4HjeE6O3X5,Content,Open,false,false,005AE2,Arjun Prakash,Jul 12 2026,2026-07-12T00:00:00+08:00,2026-06-18,opt_in,ID,davidyeoh@orion.com,0.58
003q3eY8n5JUh6hn5e,Devi,Musa,devi.musa@lumina.com,+60103828640,,001zFBTL4HjeE6O3X5,Webinar,MQL,false,false,005AE4,Priya Nair,04/07/2026,2026-07-11T00:00:00+08:00,2026-06-16,opt_in,ID,devimusa@lumina.com,0.65
003hOr4Bn7fPJRbmni,Hakim,Fernandez,hakim.fernandez@brightwave.com,+60136550004,GM,001emnneWwt2WsopvX,Webinar,Open,false,false,005AE1,Mei Chen,2026-06-05 00:00:00,2026-07-11T00:00:00+08:00,2026-06-23,consent,IN,hakimfernandez@brightwave.com,0.93
003S1oCTn59LBikBrV,Kumar,Lee,kumar.lee@klang.com,+60174312276,VP Finance,001zJ1DMIY5suKOMgP,Pricing Page,Customer,false,false,005AE4,Priya Nair,Jul 05 2026,2026-07-13T00:00:00+08:00,2026-07-06,opt_in,ID,kumarlee@klang.com,0.78
003XjfTttKxf4gKMZs,James,Krishnan,james.krishnan@northgate.com,+60140162438,,001jJI14UZmcqlVw5M,Pricing Page,MQL,false,false,005AE3,Wei Ho,2026-06-16 00:00:00,2026-07-07T00:00:00+08:00,2026-06-26,soft_opt_in,SG,jameskrishnan@northgate.com,0.84
003BdQsRYOo6hA2DJ5,Marcus,NG,marcus.ng@bharat.com,+60112510984,GM,0017Sqr0O072IojSHD,Referral,Open,false,false,005AE1,Mei Chen,2026-06-20 00:00:00,2026-07-14T00:00:00+08:00,2026-06-16,opt_in,TH,marcusng@bharat.com,0.79
003RQDw0pATMEdNb62,Ismail,Chua Bhd,ismail.chua@kirana.com,+60176717892,Founder,001wjlpFhmyYbEU2tD,Trade Show,MQL,false,false,005AE2,Arjun Prakash,2026-07-11 00:00:00,2026-07-13T00:00:00+08:00,2026-06-15,soft_opt_in,ID,ismailchua@kirana.com,0.66
003VfCyg8Ht0V7Fj77,Kevin,DAS,kevin.das@andaman.com,+60174853604,,001BxXdFCOmhaNf0ez,Pricing Page,Open,false,false,005AE2,Arjun Prakash,2026-07-05 00:00:00,2026-07-05T00:00:00+08:00,2026-07-10,soft_opt_in,TH,kevindas@andaman.com,0.91
003BxVSPC7Aw39rK30,Hakim,Cheng,hakim.cheng@lumina.com,+60135642291,,001zFBTL4HjeE6O3X5,Pricing Page,Open,false,false,005AE2,Arjun Prakash,2026-07-11 00:00:00,2026-07-10T00:00:00+08:00,2026-07-12,opt_in,ID,hakimcheng@lumina.com,0.59
00339p4BY9ZPVCzAqd,Priya,WONG,priya.wong@lumina.com,+60136612908,Analyst,001QHFjSNhc5jCeo0R,Content,Opportunity,false,false,005AE4,Priya Nair,2026-07-10 00:00:00,2026-07-10T00:00:00+08:00,2026-06-20,soft_opt_in,SG,priyawong@lumina.com,0.71
003izy5NooKvoisrui,Kumar,Tan,kumar.tan@northern.com,+60133722535,Founder,001bnKtBrKYKSSBpwN,Content,MQL,false,false,005AE2,Arjun Prakash,2026-06-18 00:00:00,2026-07-09T00:00:00+08:00,2026-07-06,,ID,kumartan@northern.com,0.76
003DeR8iFO83c2NXXK,Uma,Chua,uma.chua@cendana.com,+60113166416,IT Manager,001czRhV7L6PwXABeP,Pricing Page,MQL,false,false,005AE3,Wei Ho,2026-07-09 00:00:00,2026-07-13T00:00:00+08:00,2026-07-11,opt_in,ID,umachua@cendana.com,0.85
003yOl7wn3BUy2uQA4,Hakim,Gopal,hakim.gopal@klang.com,+60153223065,IT Manager,001uOiJaJkJat7CrhI,Trade Show,Customer,false,false,005AE2,Arjun Prakash,2026-07-14 00:00:00,2026-07-07T00:00:00+08:00,2026-06-20,consent,IN,hakimgopal@klang.com,0.58
003U9ntar9qHDO0O2g,Siti,Loo,siti.loo@brightwave.com,+60133819588,Analyst,001qq3TNBjJ3KzyUi2,Referral,MQL,false,false,005AE1,Mei Chen,2026-06-06 00:00:00,2026-07-10T00:00:00+08:00,2026-07-11,soft_opt_in,MY,sitiloo@brightwave.com,0.90
003w7ukqUuHpdv3kzS,Omar,Kumar ,omar.kumar@meridian.com,+60173729870,Procurement Lead,001Y3LBbuJoB9K6hD6,Webinar,Customer,false,false,005AE4,Priya Nair,2026-07-08 00:00:00,2026-07-09T00:00:00+08:00,2026-07-13,opt_in,TH,omarkumar@meridian.com,0.66
003D0NqqfNWcV6vKmA,David,Iyer,david.iyer@lotus.com,+60149970559,GM,001aKq9OAkFDAazLrZ,Referral,Open,false,false,005AE2,Arjun Prakash,2026-07-05 00:00:00,2026-07-09T00:00:00+08:00,2026-06-15,opt_in,SG,davidiyer@lotus.com,0.79
003HYUk5qeCLEy84w3,Ismail,Aziz,ismail.aziz@sabah.com,+60131701657,VP Finance,001nW98aLpiWzUMZtE,Referral,SQL,false,false,005AE4,Priya Nair,2026-07-06 00:00:00,2026-07-10T00:00:00+08:00,2026-07-07,consent,IN,ismailaziz@sabah.com,0.74
003Igq6SQZ3mRXtF30,David,Krishnan,david.krishnan@orion.com,+60128560339,,001jJI14UZmcqlVw5M,Referral,MQL,false,false,005AE1,Mei Chen,2026-06-26 00:00:00,2026-07-15T00:00:00+08:00,2026-07-15,soft_opt_in,SG,davidkrishnan@orion.com,0.75
003QlEpPry7qGIEmHs,Mei,Teo ,mei.teo@everbright.com,+60116725077,VP Finance,001o1u7ckTr414cYaE,Webinar,Opportunity,false,false,005AE3,Wei Ho,2026-06-08 00:00:00,2026-07-12T00:00:00+08:00,2026-06-21,opt_in,TH,meiteo@everbright.com,0.74
003U37E6Sw582fZHHC,Faizal,Hassan,faizal.hassan@straits.com,+60159153082,Analyst,001ZMszSLB72NFP6ir,Pricing Page,Opportunity,false,false,005AE2,Arjun Prakash,2026-06-23 00:00:00,2026-07-07T00:00:00+08:00,2026-07-09,opt_in,SG,faizalhassan@straits.com,0.57
0038fTcys9JCPx7ZYQ,Grace,Krishnan,grace.krishnan@coastal.com,+60157813084,,001wlaDCnCdllvimD4,Referral,MQL,false,false,005AE1,Mei Chen,2026-07-06 00:00:00,2026-07-10T00:00:00+08:00,2026-06-23,opt_in,MY,gracekrishnan@coastal.com,0.98
003l9VdcB26P6bCNuN,Kevin,Iyer,kevin.iyer@everbright.com,+60113557409,Founder,001799bPWF8ea48ie7,Web,Open,false,false,005AE4,Priya Nair,Jun 06 2026,2026-07-13T00:00:00+08:00,2026-07-12,opt_in,MY,keviniyer@everbright.com,0.62
003brDwl9OJmTTZ92I,Yusof,Yeoh,yusof.yeoh@orion.com,+60158726574,GM,0017Sqr0O072IojSHD,Webinar,Opportunity,false,false,005AE4,Priya Nair,2026-07-09 00:00:00,2026-07-10T00:00:00+08:00,2026-06-17,soft_opt_in,TH,yusofyeoh@orion.com,0.76
003kkoV7mMkSC0kmfR,Lakshmi,Ismail,lakshmi.ismail@lumina.com,+60189140580,Procurement Lead,001ZhExlaEvdniIQ6j,Content,Open,false,false,005AE3,Wei Ho,2026-06-24 00:00:00,2026-07-15T00:00:00+08:00,2026-07-05,soft_opt_in,ID,lakshmiismail@lumina.com,0.95
003lg0XafmfEX4pvYb,Hui,Cheng,hui.cheng@straits.com,+60120957488,Head of Ops,001vTpO5ZiKeUS89sO,Web,MQL,false,false,005AE2,Arjun Prakash,2026-06-26 00:00:00,2026-07-15T00:00:00+08:00,2026-07-11,opt_in,ID,huicheng@straits.com,0.72
003tCTcFQnlCxeKzeF,Kumar,Osman,kumar.osman@lotus.com,+60144023568,Analyst,001ZhExlaEvdniIQ6j,Referral,MQL,false,false,005AE3,Wei Ho,23/06/2026,2026-07-10T00:00:00+08:00,2026-07-10,soft_opt_in,ID,kumarosman@lotus.com,0.67
003ItBoLrg7SGJlmBh,Arun,Iyer ,arun.iyer@zenith.com,+60155198893,,001ZhExlaEvdniIQ6j,Trade Show,SQL,false,false,005AE3,Wei Ho,10/07/2026,2026-07-08T00:00:00+08:00,2026-06-27,soft_opt_in,ID,aruniyer@zenith.com,0.68
003HO1DgljEAXus2tS,Anjali,Tan,anjali.tan@kirana.com,+60154123000,Procurement Lead,0018wxvZFjtODPTTEA,Web,SQL,false,false,005AE2,Arjun Prakash,2026-06-11 00:00:00,2026-07-09T00:00:00+08:00,2026-07-12,soft_opt_in,MY,anjalitan@kirana.com,0.62
003aD7r3Cq4VL6BJTa,Tariq,Ncube,tariq.ncube@highland.com,+60103637051,VP Finance,001zJ1DMIY5suKOMgP,Content,Opportunity,false,false,005AE1,Mei Chen,Jun 18 2026,2026-07-10T00:00:00+08:00,2026-06-30,soft_opt_in,ID,tariqncube@highland.com,0.65
003kFbJUEHEkfD5bBt,Anjali,Fernandez,anjali.fernandez@meridian.com,+60130224011,IT Manager,001zFBTL4HjeE6O3X5,Trade Show,Open,false,false,005AE1,Mei Chen,2026-06-07 00:00:00,2026-07-11T00:00:00+08:00,2026-06-16,opt_in,ID,anjalifernandez@meridian.com,0.80
003iu38QNGXOJeqHFR,Ismail,YEOH,ismail.yeoh@delta.com,+60150431134,Analyst,0018pb10cLQ0vkB1eE,Content,Open,false,false,005AE3,Wei Ho,2026-07-02 00:00:00,2026-07-14T00:00:00+08:00,2026-06-29,opt_in,ID,ismailyeoh@delta.com,0.88
003BOazPKL7xVdf2Jn,Michael,Wong ,michael.wong@kirana.com,+60181135525,,0016ghtzFH0UgGkUkH,Referral,Open,false,false,005AE1,Mei Chen,2026-06-11 00:00:00,2026-07-13T00:00:00+08:00,2026-06-21,consent,IN,michaelwong@kirana.com,
003iBqmu22ouvvmK2x,Nadia,Chua GmbH,nadia.chua@sunrise.com,+60139694975,Analyst,001wlaDCnCdllvimD4,Pricing Page,Opportunity,false,false,005AE4,Priya Nair,2026-06-28 00:00:00,2026-07-08T00:00:00+08:00,2026-07-11,soft_opt_in,MY,nadiachua@sunrise.com,0.77
003jwfSDUNR99bAqQO,Michael,KUMAR,michael.kumar@orion.com,+60186838974,,001B6ICJ1JKEWzvaOw,Content,Customer,false,false,005AE4,Priya Nair,2026-06-13 00:00:00,2026-07-15T00:00:00+08:00,2026-06-18,consent,IN,michaelkumar@orion.com,0.58
003BOZKqDrxTq48KBs,Yusof,Krishnan ,yusof.krishnan@northgate.com,+60174703643,Head of Ops,001Pyzv6LKmJhkZV1Y,Trade Show,SQL,false,false,005AE4,Priya Nair,Jun 11 2026,2026-07-10T00:00:00+08:00,2026-06-25,opt_in,MY,yusofkrishnan@northgate.com,0.92
003qJpbc3hrClcIFuO,Kevin,Krishnan,kevin.krishnan@meridian.com,+60160961831,Head of Ops,001zFBTL4HjeE6O3X5,Pricing Page,Open,false,false,005AE4,Priya Nair,2026-07-13 00:00:00,2026-07-11T00:00:00+08:00,2026-07-14,opt_in,ID,kevinkrishnan@meridian.com,0.81
003qVtnE3I3rpb9XtW,Anjali,Hassan,anjali.hassan@zenith.com,+60118970036,,001XVPrG5zoRw6R4bE,Pricing Page,SQL,false,false,005AE1,Mei Chen,2026-06-22 00:00:00,2026-07-05T00:00:00+08:00,2026-07-07,opt_in,ID,anjalihassan@zenith.com,0.73
003r4UPWYyigjcqffH,Ravi,Nair,ravi.nair@kirana.com,+60154016822,Founder,001QH756sYhE3xvrqJ,Webinar,SQL,false,false,005AE1,Mei Chen,2026-06-07 00:00:00,2026-07-10T00:00:00+08:00,2026-07-03,opt_in,SG,ravinair@kirana.com,0.80
003GkoblyoazHXA4yo,Sarah,Aziz,sarah.aziz@orion.com,+60193167743,VP Finance,001hkNKWNDARWM6kP2,Referral,Opportunity,false,false,005AE3,Wei Ho,Jul 06 2026,2026-07-12T00:00:00+08:00,2026-06-28,consent,IN,sarahaziz@orion.com,0.82
0033mj4VEg9rs779TN,Daniel,Yeoh,daniel.yeoh@andaman.com,+60131837926,Founder,001o1u7ckTr414cYaE,Webinar,Customer,false,false,005AE1,Mei Chen,2026-06-27 00:00:00,2026-07-06T00:00:00+08:00,2026-07-08,soft_opt_in,TH,danielyeoh@andaman.com,0.84
003RpNTfclJb0OUUe8,Lakshmi,Cheng,lakshmi.cheng@lumina.com,+60104520893,Founder,001QHFjSNhc5jCeo0R,Referral,MQL,false,false,005AE1,Mei Chen,2026-06-21 00:00:00,2026-07-14T00:00:00+08:00,2026-07-08,soft_opt_in,SG,lakshmicheng@lumina.com,0.96
003HFasaAd1KVpFGWD,Devi,Loo,devi.loo@andaman.com,+60138103274,Procurement Lead,001zJ1DMIY5suKOMgP,Webinar,Open,false,false,005AE2,Arjun Prakash,2026-06-09 00:00:00,2026-07-10T00:00:00+08:00,2026-07-15,opt_in,ID,deviloo@andaman.com,0.84
003MgrLIPzZwp9iL2H,Mei,MENON,mei.menon@northgate.com,+60164388758,IT Manager,001QH756sYhE3xvrqJ,Web,SQL,false,false,005AE2,Arjun Prakash,2026-06-22 00:00:00,2026-07-06T00:00:00+08:00,2026-07-04,soft_opt_in,SG,meimenon@northgate.com,0.66
003rRwIb9kQG9t44Vw,Mei,Raj,mei.raj@highland.com,+60185146118,Founder,001zeskKCwlSjzF33C,Web,Open,false,false,005AE4,Priya Nair,2026-07-02 00:00:00,2026-07-15T00:00:00+08:00,2026-06-20,opt_in,IN,meiraj@highland.com,0.61
0034rMTS25O03JATmh,Uma,Cheng,uma.cheng@lotus.com,+60174524146,Head of Ops,001yjb50XlJAdc7p3L,Content,Open,false,false,005AE1,Mei Chen,2026-06-21 00:00:00,2026-07-07T00:00:00+08:00,2026-07-10,opt_in,IN,umacheng@lotus.com,0.75
003oOBGVzbrYIzgfgJ,Yusof,Gopal,yusof.gopal@meridian.com,+60158464621,Founder,001QHFjSNhc5jCeo0R,Trade Show,MQL,false,false,005AE2,Arjun Prakash,2026-06-23 00:00:00,2026-07-09T00:00:00+08:00,2026-07-05,opt_in,SG,yusofgopal@meridian.com,0.55
00358cUV8YFLgvCWaH,Sarah,NCUBE,sarah.ncube@zenith.com,+60189437387,Analyst,001Pyzv6LKmJhkZV1Y,Pricing Page,Open,false,false,005AE3,Wei Ho,2026-06-18 00:00:00,2026-07-09T00:00:00+08:00,2026-07-06,opt_in,MY,sarahncube@zenith.com,0.58
003DXS50KTAc2rQf0e,Yusof,Ncube,yusof.ncube@delta.com,+60164030556,GM,001zJ1DMIY5suKOMgP,Pricing Page,Opportunity,false,false,005AE3,Wei Ho,25/06/2026,2026-07-14T00:00:00+08:00,2026-07-01,opt_in,ID,yusofncube@delta.com,0.77
003jxEtAjl3KDsP3Fp,Wei,Goh,wei.goh@highland.com,+60124262060,Analyst,001JffndpEwzhlu4bS,Trade Show,SQL,false,false,005AE3,Wei Ho,2026-06-14 00:00:00,2026-07-11T00:00:00+08:00,2026-07-06,opt_in,TH,weigoh@highland.com,
003oE5P6hX3idrPYJM,Zara,Chua,zara.chua@meridian.com,+60193063962,,0016ghtzFH0UgGkUkH,Content,Opportunity,false,false,005AE2,Arjun Prakash,2026-06-09 00:00:00,2026-07-07T00:00:00+08:00,2026-06-16,consent,IN,zarachua@meridian.com,0.94
00394nRXXTNWuznrcs,Tariq,Yeoh,tariq.yeoh@northgate.com,+60151786361,VP Finance,001wjlpFhmyYbEU2tD,Web,MQL,false,false,005AE2,Arjun Prakash,2026-06-26 00:00:00,2026-07-14T00:00:00+08:00,2026-06-15,soft_opt_in,ID,tariqyeoh@northgate.com,0.68
003kjiX6W2ofqEgQnM,James,Kumar,james.kumar@northgate.com,+60129778998,Head of Ops,001vTpO5ZiKeUS89sO,Webinar,SQL,false,false,005AE3,Wei Ho,2026-06-10 00:00:00,2026-07-06T00:00:00+08:00,2026-07-03,soft_opt_in,ID,jameskumar@northgate.com,0.92
003vSm1cXIKdObrpEr,Michael,Nair,michael.nair@klang.com,+60166319190,,0017ZpRREyu0xUNxMk,Web,Open,false,false,005AE2,Arjun Prakash,2026-06-25 00:00:00,2026-07-11T00:00:00+08:00,2026-06-20,soft_opt_in,MY,michaelnair@klang.com,
003tQLxEJHwBVJvwSD,Rohan,Mehta,rohan.mehta@penang-semi.com,+60135545223,CFO,001om06Dwt0Y3oobQm,Pricing Page,MQL,false,false,005AE1,Mei Chen,20/07/2026,2026-07-22T00:00:00+08:00,2026-07-22,opt_in,MY,rohanmehta@penang-semi.com,0.60
003uhVI8WSlmnVErUL,Ingrid,Lim,ingrid.lim@penang-semi.com,+60139801946,VP Finance,001om06Dwt0Y3oobQm,Pricing Page,MQL,false,false,005AE1,Mei Chen,21/07/2026,2026-07-24T00:00:00+08:00,2026-07-22,opt_in,MY,ingridlim@penang-semi.com,0.92
003oxltaTIircdJsS8,Wei,Goh,wei.goh@penang-semi.com,+60133118618,Procurement Lead,001om06Dwt0Y3oobQm,Pricing Page,MQL,false,false,005AE1,Mei Chen,Jul 22 2026,2026-07-25T00:00:00+08:00,2026-07-26,soft_opt_in,MY,weigoh@penang-semi.com,0.60
003KsEECvl9dq83Eh0,Siti,Rahman,siti.rahman@penang-semi.com,+60132096280,IT Manager,001om06Dwt0Y3oobQm,Pricing Page,MQL,false,false,005AE1,Mei Chen,2026-07-23 00:00:00,2026-07-23T00:00:00+08:00,2026-07-23,opt_in,MY,sitirahman@penang-semi.com,0.80
003jjZK8tfphJWAMMY,Rohan,Mehta ,rohan.mehta@mumbai-alloys.com,+60134786401,Director of Procurement,001AuzSsJimAQ8yRV5,Web,Open,false,false,005AE2,Arjun Prakash,2026-07-25 00:00:00,2026-07-26T00:00:00+08:00,2026-07-24,opt_in,IN,rohanmehta@mumbai-alloys.com,0.75
0033LBtKNdN9Vg8WnO,Rohan,Mehta ,r.mehta@mumbai-alloys.com,+60134540415,Director of Procurement,001AuzSsJimAQ8yRV5,Trade Show,Open,false,false,005AE4,Priya Nair,Jul 23 2026,2026-07-22T00:00:00+08:00,2026-07-25,consent,IN,rohanmehta@mumbai-alloys.com,0.62
003ekaACSMEscosTsS,Rohan,Mehta ,rohanmehta@mumbai-alloys.com,+60138617381,Director of Procurement,001AuzSsJimAQ8yRV5,Webinar,Open,false,false,005AE2,Arjun Prakash,2026-07-21T00:00:00+08:00,2026-07-20T00:00:00+08:00,2026-07-25,consent,IN,rohanmehta@mumbai-alloys.com,0.96
003QZ7mBhIoPj6r0je,Klaus,Weber,klaus.weber@frankfurt-ind.de,+60132000560,CFO,001aH7ZIRU8VVQmxBe,Pricing Page,SQL,false,false,005AE5,Sanjay Rao,2026-07-22T00:00:00+08:00,2026-07-21T00:00:00+08:00,2026-07-26,opt_in,EU,klausweber@frankfurt-ind.de,0.69
0036sChDStSz8rGIFC,Chloe,Fernandez,chloe.fernandez@cyberjaya-data.com,+60132349590,Head of Ops,001v8bh4qlL9qcgMBw,Web,Open,false,false,005AE6,Grace Lim,2026-07-21T00:00:00+08:00,2026-07-24T00:00:00+08:00,2026-07-20,soft_opt_in,MY,chloefernandez@cyberjaya-data.com,0.87
003qbfo9R13KL8bWR0,Arun,Ho,arun.ho@highland.com,+60135521644,VP Finance,001KLFqZmwWENh8l4n,Trade Show,Open,false,false,005AE5,Sanjay Rao,2026-07-23T00:00:00+08:00,2026-07-24T00:00:00+08:00,2026-07-20,opt_in,TH,arunho@highland.com,0.76
003O0FfEwAvuQg2kvA,Omar,Das,omar.das@batam-log.com,+60139312590,CFO,001oZmjbcpEN2XeDA4,Trade Show,MQL,true,false,005AE4,Priya Nair,2026-07-22,2026-07-26T00:00:00+08:00,2026-07-26,opt_in,ID,omardas@batam-log.com,0.75
003Xz3G0aQ3IDAdmHx,Zara,Osman,zara.osman@delhi-chem.com,+60139363326,Analyst,001M5oForBFbyvQRZz,Trade Show,SQL,false,true,005AE1,Mei Chen,2026-07-25,2026-07-26T00:00:00+08:00,2026-07-20,consent,IN,zaraosman@delhi-chem.com,0.67
003hbOMZpTktJaJAfo,Ravi,Iyer,ravi.iyer@chennai-fab.com,+60132903561,Procurement Lead,0013X4gXBolZ9SHDdJ,Trade Show,Opportunity,true,true,005AE4,Priya Nair,2026-07-23 00:00:00,2026-07-25T00:00:00+08:00,2026-07-26,consent,IN,raviiyer@chennai-fab.com,0.77
0031EEpDJjym6MGV4i,Daniel,Teo,daniel.teo@sg-marine.com,+60132171218,GM,0015CN0U5GB16JC5kV,Content,SQL,true,false,005AE4,Priya Nair,2026-07-22,2026-07-22T00:00:00+08:00,2026-07-26,soft_opt_in,SG,danielteo@sg-marine.com,0.91
0033jCIEwvJWIyD7u3,Nadia,Goh,nadia.goh@bkk-tools.com,+60134165061,GM,001rCeTsprvu5Ifijo,Referral,SQL,false,true,005AE4,Priya Nair,25/07/2026,2026-07-24T00:00:00+08:00,2026-07-23,opt_in,TH,nadiagoh@bkk-tools.com,0.93
003VET6ZyyQY0PjF9c,James,Cheng,james.cheng@cyberjaya-data.com,+60133118060,Founder,001v8bh4qlL9qcgMBw,Web,Open,false,false,005AE3,Wei Ho,2026-07-24T00:00:00+08:00,2026-07-22T00:00:00+08:00,2026-07-26,opt_in,MY,jamescheng@cyberjaya-data.com,0.93
003aUjA3PjeEYqvNSz,James,Cheng,j.cheng@cyberjaya-data.com,+60132347467,CFO,001v8bh4qlL9qcgMBw,Trade Show,Open,false,false,005AE4,Priya Nair,Jul 26 2026,2026-07-26T00:00:00+08:00,2026-07-25,soft_opt_in,MY,jamescheng@cyberjaya-data.com,0.97
003NepOR6soVfBgWOT,Grace,Nair,grace.nair@pune-eng.com,+60132686231,CFO,001MS4rJaH8mfpUAFJ,Web,Customer,false,false,005AE1,Mei Chen,23/07/2026,2026-07-25T00:00:00+08:00,2026-07-22,consent,IN,gracenair@pune-eng.com,0.57
003xBjpHAKRYlklfN3,Grace,Nair,grace.nair@puneeng.com,+60137418028,VP Finance,001MS4rJaH8mfpUAFJ,Trade Show,SQL,false,false,005AE3,Wei Ho,24/07/2026,2026-07-23T00:00:00+08:00,2026-07-24,consent,IN,gracenair@pune-eng.com,0.65
003Qa5ZD5sRIkeC8wL,Marcus,Tan,marcus.tan@jb-steel.com,+60136018975,GM,001fPBi3DldqyunDuv,Web,Opportunity,false,false,005AE3,Wei Ho,2026-07-25,2026-07-25T00:00:00+08:00,2026-07-22,soft_opt_in,MY,marcustan@jb-steel.com,0.92
003gpyKwKsSsb1Qzra,Marcus,Tan,m.tan@jb-steel.com,+60131822825,IT Manager,001fPBi3DldqyunDuv,Trade Show,Opportunity,false,false,005AE4,Priya Nair,2026-07-24,2026-07-26T00:00:00+08:00,2026-07-22,opt_in,MY,marcustan@jb-steel.com,0.82
003NqRWUXQR1iOg5OP,Uma,Raj,uma.raj@hanoi-comp.com,+60131661401,Analyst,001FgB9xO51DTjBlUH,Web,MQL,false,false,005AE2,Arjun Prakash,2026-07-22,2026-07-20T00:00:00+08:00,2026-07-24,soft_opt_in,TH,umaraj@hanoi-comp.com,0.87
003VAlmiYI4xHG6r1k,Uma,Raj,uma.raj@hanoicomp.com,+60135311242,Head of Ops,001FgB9xO51DTjBlUH,Trade Show,SQL,false,false,005AE3,Wei Ho,2026-07-26,2026-07-26T00:00:00+08:00,2026-07-22,soft_opt_in,TH,umaraj@hanoi-comp.com,0.90
003YzaqIhDxRVRqLy0,Wei,Das,wei.das@munich-auto.de,+60137232293,Founder,001Ay5XL8Sb24WKyEa,Content,SQL,false,false,005AE1,Mei Chen,20/07/2026,2026-07-23T00:00:00+08:00,2026-07-20,legitimate_interest,EU,weidas@munich-auto.de,0.95
003ic8ctFhgp4IiyDx,Rohan,Lee,rohan.lee@zenith.com,+60138031780,GM,001ZNYqK5cbaTTQtsq,Referral,Opportunity,false,false,005AE1,Mei Chen,24/07/2026,2026-07-23T00:00:00+08:00,2026-07-25,opt_in,ID,rohanlee@zenith.com,0.92
003RxI5Pwdzrm9h820,Faizal,Wong,faizal.wong@frankfurt-ind.de,+60138628891,CFO,001aH7ZIRU8VVQmxBe,Pricing Page,SQL,false,false,005AE1,Mei Chen,20/07/2026,2026-07-25T00:00:00+08:00,2026-07-25,consent,EU,faizalwong@frankfurt-ind.de,0.57
00303ovXjY5Mar2jiI,Anjali,Das,anjali.das@northgate.com,+60135205279,Director of Procurement,001nW98aLpiWzUMZtE,Pricing Page,Customer,false,false,005AE2,Arjun Prakash,26/07/2026,2026-07-20T00:00:00+08:00,2026-07-25,consent,IN,anjalidas@northgate.com,0.61
003VAHhVeECXxGLgCG,Daniel,Musa,daniel.musa@northern.com,+60134716988,Procurement Lead,001KLFqZmwWENh8l4n,Trade Show,Open,false,false,005AE2,Arjun Prakash,2026-07-24 00:00:00,2026-07-25T00:00:00+08:00,2026-07-26,soft_opt_in,TH,danielmusa@northern.com,0.75
0035fuMjeirNOLJTuy,Mei,Hassan,mei.hassan@straits.com,+60139901266,Head of Ops,001aKq9OAkFDAazLrZ,Webinar,Opportunity,false,false,005AE1,Mei Chen,2026-07-22,2026-07-24T00:00:00+08:00,2026-07-24,soft_opt_in,SG,meihassan@straits.com,0.59
003Av0DzAUguBuQqx9,Omar,Schmidt,omar.schmidt@highland.com,+60133560856,IT Manager,0018pb10cLQ0vkB1eE,Webinar,Opportunity,false,false,005AE2,Arjun Prakash,2026-07-25,2026-07-20T00:00:00+08:00,2026-07-20,opt_in,ID,omarschmidt@highland.com,0.59
003vQhAw3Q8WB36Ud9,Ravi,Raj,ravi.raj@kirana.com,+60135825620,VP Finance,001ZrNDru0WnWI7C1E,Content,Customer,false,false,005AE5,Sanjay Rao,Jul 24 2026,2026-07-22T00:00:00+08:00,2026-07-20,opt_in,TH,raviraj@kirana.com,0.62
003oZB2JX0NNRPJbM7,Anjali,Osman ,anjali.osman@jb-steel.com,+60135487028,Analyst,001fPBi3DldqyunDuv,Web,SQL,false,false,005AE5,Sanjay Rao,20/07/2026,2026-07-22T00:00:00+08:00,2026-07-25,soft_opt_in,MY,anjaliosman@jb-steel.com,0.96
003fVHnyADvkxtUuX8,Aarav,Ong,aarav.ong@lumina.com,+60132425342,Founder,0014QNOMWOjv9qdb2V,Web,MQL,false,false,005AE1,Mei Chen,20/07/2026,2026-07-21T00:00:00+08:00,2026-07-26,opt_in,SG,aaravong@lumina.com,0.85
003hwBhsRRLFHQtcoz,Devi,Weber,devi.weber@mekong.com,+60131919088,Founder,001799bPWF8ea48ie7,Trade Show,MQL,false,false,005AE5,Sanjay Rao,20/07/2026,2026-07-22T00:00:00+08:00,2026-07-21,opt_in,MY,deviweber@mekong.com,0.89
003ToGJ1QZwez3VcBb,James,Nair ,james.nair@highland.com,+60138713396,Procurement Lead,001XkIYYMYi2hcBYX0,Pricing Page,Opportunity,false,false,005AE5,Sanjay Rao,Jul 20 2026,2026-07-24T00:00:00+08:00,2026-07-23,opt_in,IN,jamesnair@highland.com,0.86
003fB2gpBLzHfz3tVv,Lena,Nair,lena.nair@mumbai-alloys.com,+60134717362,Procurement Lead,001AuzSsJimAQ8yRV5,Content,Opportunity,false,false,005AE3,Wei Ho,22/07/2026,2026-07-20T00:00:00+08:00,2026-07-24,consent,IN,lenanair@mumbai-alloys.com,0.78
003qmlMjWWPel8XOFD,Ismail,Ho,ismail.ho@nexus.com,+60138531380,Procurement Lead,001sfw7845UU6khqtV,Pricing Page,Open,false,false,005AE2,Arjun Prakash,2026-07-25T00:00:00+08:00,2026-07-25T00:00:00+08:00,2026-07-25,soft_opt_in,TH,ismailho@nexus.com,0.93
003wGetDCcdx1seP32,Rajesh,Aziz ,rajesh.aziz@coastal.com,+60132514923,GM,001B6ICJ1JKEWzvaOw,Trade Show,Customer,false,false,005AE1,Mei Chen,2026-07-24T00:00:00+08:00,2026-07-24T00:00:00+08:00,2026-07-23,opt_in,IN,rajeshaziz@coastal.com,0.81
003j9dCgZ51vTfGPlc,Devi,Abdullah,devi.abdullah@andaman.com,+60135156449,Analyst,001Y3LBbuJoB9K6hD6,Content,Opportunity,false,false,005AE5,Sanjay Rao,2026-07-25,2026-07-23T00:00:00+08:00,2026-07-24,opt_in,TH,deviabdullah@andaman.com,0.71
003vgJRysqU2Q96M3j,Hakim,Rahman,hakim.rahman@johor.com,+60136592886,VP Finance,001ZMszSLB72NFP6ir,Referral,SQL,false,false,005AE1,Mei Chen,2026-07-20T00:00:00+08:00,2026-07-25T00:00:00+08:00,2026-07-21,soft_opt_in,SG,hakimrahman@johor.com,0.69
003QS18VR6HfPQBGxb,Rajesh,Mehta,rajesh.mehta@penang-semi.com,+60137083379,Director of Procurement,001om06Dwt0Y3oobQm,Webinar,SQL,false,false,005AE2,Arjun Prakash,22/07/2026,2026-07-21T00:00:00+08:00,2026-07-22,soft_opt_in,MY,rajeshmehta@penang-semi.com,0.63
003Qv4XNiMyjkl1SXN,Rajesh,Lee,rajesh.lee@bharat.com,+60133777286,Director of Procurement,001y7oXm8Oa2wFG5HC,Content,Customer,false,false,005AE1,Mei Chen,2026-07-25,2026-07-20T00:00:00+08:00,2026-07-23,soft_opt_in,MY,rajeshlee@bharat.com,0.85
003t9ZYE51mxR8KCDX,Devi,Mehta,devi.mehta@pacific.com,+60135727345,CFO,001Ro9LKAn1aSYMmyY,Pricing Page,Customer,false,false,005AE2,Arjun Prakash,2026-07-26,2026-07-24T00:00:00+08:00,2026-07-24,soft_opt_in,TH,devimehta@pacific.com,0.98
003T2H2hsfWkrC5Gj1,Daniel,Mehta,daniel.mehta@andaman.com,+60138339571,CFO,001emnneWwt2WsopvX,Trade Show,Customer,false,false,005AE1,Mei Chen,20/07/2026,2026-07-26T00:00:00+08:00,2026-07-23,opt_in,IN,danielmehta@andaman.com,0.96
003u7g1TPvYjics61E,Mei,Cheng,mei.cheng@mumbai-alloys.com,+60133328554,Head of Ops,001AuzSsJimAQ8yRV5,Trade Show,MQL,false,false,005AE1,Mei Chen,2026-07-26,2026-07-23T00:00:00+08:00,2026-07-24,consent,IN,meicheng@mumbai-alloys.com,0.95
003XspthdpAOYNDeh1,Faizal,Chua,faizal.chua@everbright.com,+60139385742,Head of IT,001yjb50XlJAdc7p3L,Content,Opportunity,false,false,005AE1,Mei Chen,2026-07-24T00:00:00+08:00,2026-07-20T00:00:00+08:00,2026-07-25,consent,IN,faizalchua@everbright.com,0.87
003xe9HIGYGJby3EcO,Priya,Tan,priya.tan@highland.com,+60137490791,Founder,001XkIYYMYi2hcBYX0,Pricing Page,Open,false,false,005AE5,Sanjay Rao,Jul 22 2026,2026-07-25T00:00:00+08:00,2026-07-20,opt_in,IN,priyatan@highland.com,0.90
003cwIv0Pl1XRDSEOl,Anjali,Raj,anjali.raj@lumina.com,+60133262450,Head of IT,0014QNOMWOjv9qdb2V,Referral,SQL,false,false,005AE2,Arjun Prakash,2026-07-20,2026-07-20T00:00:00+08:00,2026-07-22,opt_in,SG,anjaliraj@lumina.com,0.57
003cWPmsw3Xd3PvrhZ,Ismail,Wong,ismail.wong@andaman.com,+60137174337,Founder,001emnneWwt2WsopvX,Content,Opportunity,false,false,005AE3,Wei Ho,2026-07-23,2026-07-25T00:00:00+08:00,2026-07-23,opt_in,IN,ismailwong@andaman.com,0.70
003fBM0lIsugfuQstC,Marcus,Loo,marcus.loo@zenith.com,+60138149041,Director of Procurement,001zeskKCwlSjzF33C,Trade Show,Open,false,false,005AE4,Priya Nair,2026-07-21,2026-07-22T00:00:00+08:00,2026-07-23,consent,IN,marcusloo@zenith.com,0.87
003GZVRk8bj2MRYCci,Yusof,Rahman,yusof.rahman@northern.com,+60132127988,VP Finance,001KLFqZmwWENh8l4n,Web,Opportunity,false,false,005AE3,Wei Ho,Jul 21 2026,2026-07-22T00:00:00+08:00,2026-07-23,opt_in,TH,yusofrahman@northern.com,0.82
003uPrp9hbVlFHy6Jh,Nadia,Teo,nadia.teo@sg-marine.com,+60135391883,Procurement Lead,0015CN0U5GB16JC5kV,Content,SQL,false,false,005AE4,Priya Nair,Jul 26 2026,2026-07-25T00:00:00+08:00,2026-07-23,opt_in,SG,nadiateo@sg-marine.com,0.99
0035TCfZR92uQwTeJI,Klaus,Abdullah,klaus.abdullah@johor.com,+60135871470,Procurement Lead,001ZMszSLB72NFP6ir,Web,Opportunity,false,false,005AE2,Arjun Prakash,22/07/2026,2026-07-25T00:00:00+08:00,2026-07-25,opt_in,SG,klausabdullah@johor.com,0.90
003JKxDZJiN4fetzTU,Anjali,Nair,anjali.nair@hanoi-comp.com,+60139030667,IT Manager,001FgB9xO51DTjBlUH,Webinar,Open,false,false,005AE3,Wei Ho,2026-07-24,2026-07-26T00:00:00+08:00,2026-07-23,opt_in,TH,anjalinair@hanoi-comp.com,0.61
003lX9iBG63d1hHjtk,Rohan,Lee,rohan.lee@coastal.com,+60133717354,Analyst,001B6ICJ1JKEWzvaOw,Pricing Page,Customer,false,false,005AE5,Sanjay Rao,22/07/2026,2026-07-22T00:00:00+08:00,2026-07-24,opt_in,IN,rohanlee@coastal.com,0.92
003GPkL8LjkQNU5Mv1,Kumar,Schmidt,kumar.schmidt@delta.com,+60131691125,GM,001KRbHQQpMxQhnrct,Content,Customer,false,false,005AE1,Mei Chen,2026-07-26 00:00:00,2026-07-20T00:00:00+08:00,2026-07-20,soft_opt_in,SG,kumarschmidt@delta.com,0.84
003pZZRztDeSdkCAED,Yusof,Schmidt ,yusof.schmidt@mumbai-alloys.com,+60134422938,Director of Procurement,001AuzSsJimAQ8yRV5,Trade Show,SQL,false,false,005AE4,Priya Nair,2026-07-22T00:00:00+08:00,2026-07-21T00:00:00+08:00,2026-07-22,opt_in,IN,yusofschmidt@mumbai-alloys.com,0.87
003hrCpjgds8y3NAp9,Hakim,Das,hakim.das@lumina.com,+60133679315,Head of Ops,0014QNOMWOjv9qdb2V,Trade Show,MQL,false,false,005AE4,Priya Nair,Jul 26 2026,2026-07-24T00:00:00+08:00,2026-07-25,soft_opt_in,SG,hakimdas@lumina.com,0.63
003GD9pnLwddsFM41P,Marcus,Kumar,marcus.kumar@summit.com,+60138895137,CFO,001H4cP0sFYxHjnq6U,Web,Open,false,false,005AE4,Priya Nair,2026-07-22T00:00:00+08:00,2026-07-20T00:00:00+08:00,2026-07-26,consent,IN,marcuskumar@summit.com,0.74
003mxJseyGCWJr0NRN,Ravi,Teo,ravi.teo@straits.com,+60132993318,Founder,001ZhExlaEvdniIQ6j,Web,Customer,false,false,005AE5,Sanjay Rao,2026-07-21 00:00:00,2026-07-23T00:00:00+08:00,2026-07-22,soft_opt_in,ID,raviteo@straits.com,0.80
003iTvZEHDjM5Giu7N,Chloe,Das,chloe.das@kirana.com,+60136344047,Director of Procurement,001wlaDCnCdllvimD4,Web,Open,false,false,005AE1,Mei Chen,2026-07-21,2026-07-24T00:00:00+08:00,2026-07-25,soft_opt_in,MY,chloedas@kirana.com,0.81
003vRhALtY5U3SObME,Zara,Kumar,zara.kumar@kl-facilities.com,+60135454861,GM,001S1OpgSXt2RMZhYK,Webinar,Open,false,false,005AE3,Wei Ho,2026-07-25T00:00:00+08:00,2026-07-24T00:00:00+08:00,2026-07-21,opt_in,MY,zarakumar@kl-facilities.com,0.81
003K8ShmbCuAjASnAG,Uma,Schmidt,uma.schmidt@harbor.com,+60138912226,Founder,0015Ow05Rcuo8wKeHk,Pricing Page,MQL,false,false,005AE1,Mei Chen,2026-07-26 00:00:00,2026-07-25T00:00:00+08:00,2026-07-21,opt_in,ID,umaschmidt@harbor.com,0.80
003RX3URPZSqNEm9pr,Uma,Cheng,uma.cheng@jb-steel.com,+60136007984,Director of Procurement,001fPBi3DldqyunDuv,Trade Show,Customer,false,false,005AE3,Wei Ho,Jul 21 2026,2026-07-26T00:00:00+08:00,2026-07-22,opt_in,MY,umacheng@jb-steel.com,0.85
003RIy5z0w9XZjscs9,James,Hassan,james.hassan@surabaya-tex.com,+60132325893,GM,001d8woPeX9PcWb8pm,Trade Show,Open,false,false,005AE5,Sanjay Rao,2026-07-22,2026-07-25T00:00:00+08:00,2026-07-22,soft_opt_in,ID,jameshassan@surabaya-tex.com,0.64
003pdQ5HoOodgAvTEg,Bryan,Yeoh,bryan.yeoh@mekong.com,+60133306314,Head of IT,001799bPWF8ea48ie7,Referral,Customer,false,false,005AE2,Arjun Prakash,2026-07-20T00:00:00+08:00,2026-07-21T00:00:00+08:00,2026-07-23,soft_opt_in,MY,bryanyeoh@mekong.com,0.76
003IVU27c66lA41l76,Chloe,Krishnan,chloe.krishnan@andaman.com,+60131609681,Head of Ops,001emnneWwt2WsopvX,Referral,Customer,false,false,005AE2,Arjun Prakash,2026-07-26,2026-07-26T00:00:00+08:00,2026-07-23,consent,IN,chloekrishnan@andaman.com,0.96
003PIHF48i2GDrmZhv,Ismail,Wong ,ismail.wong@highland.com,+60133726201,Head of Ops,001XkIYYMYi2hcBYX0,Trade Show,SQL,false,false,005AE4,Priya Nair,2026-07-25,2026-07-25T00:00:00+08:00,2026-07-22,consent,IN,ismailwong@highland.com,0.56
003GufzQgliEu7paqy,Daniel,Krishnan,daniel.krishnan@andaman.com,+60134951390,Procurement Lead,001PCJEf1Lir6msChM,Content,Opportunity,false,false,005AE4,Priya Nair,Jul 23 2026,2026-07-22T00:00:00+08:00,2026-07-22,opt_in,SG,danielkrishnan@andaman.com,0.67
003754TXtShO68sxNo,Klaus,Iyer ,klaus.iyer@kirana.com,+60134676367,GM,001wlaDCnCdllvimD4,Pricing Page,Opportunity,false,false,005AE5,Sanjay Rao,2026-07-21,2026-07-21T00:00:00+08:00,2026-07-23,soft_opt_in,MY,klausiyer@kirana.com,0.73
003HCHTxe6Khd1J5Gm,Chloe,Yeoh,chloe.yeoh@delhi-chem.com,+60133514105,IT Manager,001M5oForBFbyvQRZz,Referral,Customer,false,false,005AE1,Mei Chen,Jul 21 2026,2026-07-26T00:00:00+08:00,2026-07-24,opt_in,IN,chloeyeoh@delhi-chem.com,0.60
003GADKdJDRZtUbzq0,Klaus,Ncube,klaus.ncube@sunrise.com,+60131050591,CFO,001XP4wFZEA5SFB2eQ,Web,Opportunity,false,false,005AE2,Arjun Prakash,25/07/2026,2026-07-24T00:00:00+08:00,2026-07-20,opt_in,MY,klausncube@sunrise.com,0.74
003lXiXPUP9Ax5yC36,Tariq,Wong,tariq.wong@lumina.com,+60137333337,CFO,001wjlpFhmyYbEU2tD,Web,SQL,false,false,005AE4,Priya Nair,2026-07-23 00:00:00,2026-07-25T00:00:00+08:00,2026-07-25,opt_in,ID,tariqwong@lumina.com,0.84
003WbtDRUIBIy0opDw,Siti,Ong,siti.ong@lumina.com,+60133602504,Procurement Lead,0014QNOMWOjv9qdb2V,Referral,MQL,false,false,005AE1,Mei Chen,22/07/2026,2026-07-25T00:00:00+08:00,2026-07-26,opt_in,SG,sitiong@lumina.com,0.56
003McCMRT3dpVczCoI,Yusof,Ho,yusof.ho@mumbai-alloys.com,+60134645172,IT Manager,001AuzSsJimAQ8yRV5,Pricing Page,Open,false,false,005AE1,Mei Chen,2026-07-26 00:00:00,2026-07-21T00:00:00+08:00,2026-07-24,opt_in,IN,yusofho@mumbai-alloys.com,0.65
003oAtrdJ8L4V6lORB,Sarah,Mehta,sarah.mehta@coastal.com,+60139315137,IT Manager,001B6ICJ1JKEWzvaOw,Trade Show,MQL,false,false,005AE5,Sanjay Rao,Jul 20 2026,2026-07-25T00:00:00+08:00,2026-07-25,opt_in,IN,sarahmehta@coastal.com,0.90
0032ot2TjZD6dJA9AJ,Klaus,Rahman,klaus.rahman@coastal.com,+60139891787,Procurement Lead,001B6ICJ1JKEWzvaOw,Content,Opportunity,false,false,005AE2,Arjun Prakash,2026-07-21,2026-07-21T00:00:00+08:00,2026-07-22,consent,IN,klausrahman@coastal.com,0.70
003RMMc3emZWLUQJnE,Bryan,Aziz,bryan.aziz@zenith.com,+60134504577,IT Manager,001BxXdFCOmhaNf0ez,Web,SQL,false,false,005AE4,Priya Nair,Jul 26 2026,2026-07-22T00:00:00+08:00,2026-07-20,opt_in,TH,bryanaziz@zenith.com,0.96
0036pJuXsyDIPwtqxG,Ravi,Ho,ravi.ho@orion.com,+60139342928,Head of IT,001Q4zJiPXnkfvSYXw,Referral,MQL,false,false,005AE4,Priya Nair,2026-07-23 00:00:00,2026-07-26T00:00:00+08:00,2026-07-25,opt_in,IN,raviho@orion.com,0.89
003qJ7LLUAsjmvoyK1,Bryan,Chua,bryan.chua@coastal.com,+60135122665,Head of IT,001B6ICJ1JKEWzvaOw,Pricing Page,MQL,false,false,005AE1,Mei Chen,2026-07-23T00:00:00+08:00,2026-07-25T00:00:00+08:00,2026-07-25,opt_in,IN,bryanchua@coastal.com,0.66
003Fl64IP9dHc12e80,Ravi,Schmidt,ravi.schmidt@surabaya-tex.com,+60131813936,Analyst,001d8woPeX9PcWb8pm,Pricing Page,MQL,false,false,005AE5,Sanjay Rao,2026-07-26 00:00:00,2026-07-23T00:00:00+08:00,2026-07-21,opt_in,ID,ravischmidt@surabaya-tex.com,0.58
003QFbaIJAabHUrIsb,Aarav,Chua,aarav.chua@bharat.com,+60139425786,Head of IT,001TBInfrgtzjDX8yt,Referral,Customer,false,false,005AE4,Priya Nair,2026-07-26,2026-07-26T00:00:00+08:00,2026-07-21,opt_in,SG,aaravchua@bharat.com,0.95
003x9zDKpSotR02fP2,Rajesh,Iyer,rajesh.iyer@pune-eng.com,+60131531577,Analyst,001MS4rJaH8mfpUAFJ,Trade Show,Opportunity,false,false,005AE1,Mei Chen,2026-07-20,2026-07-23T00:00:00+08:00,2026-07-23,opt_in,IN,rajeshiyer@pune-eng.com,0.57
0036con53S4KErc7eR,Klaus,Ong ,klaus.ong@sabah.com,+60135703878,Analyst,001QH756sYhE3xvrqJ,Content,Open,false,false,005AE5,Sanjay Rao,2026-07-24T00:00:00+08:00,2026-07-25T00:00:00+08:00,2026-07-20,opt_in,SG,klausong@sabah.com,0.96
003KpK12yR5IvyWViY,Aarav,Chua,aarav.chua@coastal.com,+60132315798,Founder,001B6ICJ1JKEWzvaOw,Web,SQL,false,false,005AE2,Arjun Prakash,Jul 24 2026,2026-07-20T00:00:00+08:00,2026-07-20,opt_in,IN,aaravchua@coastal.com,0.65
003YCFowJ8yBlRLQyf,James,Mehta,james.mehta@lumina.com,+60135955645,Founder,0015jZV0eISRRkleg5,Trade Show,Open,false,false,005AE3,Wei Ho,26/07/2026,2026-07-25T00:00:00+08:00,2026-07-20,opt_in,SG,jamesmehta@lumina.com,0.67
003a8tCxWrgiflBCJJ,Klaus,Musa,klaus.musa@highland.com,+60139597330,Analyst,0017ZpRREyu0xUNxMk,Trade Show,Open,false,false,005AE1,Mei Chen,2026-07-23 00:00:00,2026-07-20T00:00:00+08:00,2026-07-20,soft_opt_in,MY,klausmusa@highland.com,0.79
003KHkRykirtrFjekB,Omar,Cheng ,omar.cheng@sunrise.com,+60135629871,Head of Ops,001bnKtBrKYKSSBpwN,Referral,Customer,false,false,005AE2,Arjun Prakash,Jul 23 2026,2026-07-23T00:00:00+08:00,2026-07-26,opt_in,ID,omarcheng@sunrise.com,0.71
003a8zv1NyZ3vCvB00,Ravi,Schmidt,ravi.schmidt@brightwave.com,+60133283789,CFO,001DqPOAEhtUaG5zpX,Web,MQL,false,false,005AE3,Wei Ho,Jul 22 2026,2026-07-24T00:00:00+08:00,2026-07-25,consent,IN,ravischmidt@brightwave.com,0.76
003yr0Yzxh7KmLIlRX,Hakim,Goh,hakim.goh@lotus.com,+60131451577,CFO,0016ghtzFH0UgGkUkH,Content,MQL,false,false,005AE3,Wei Ho,2026-07-25,2026-07-25T00:00:00+08:00,2026-07-21,opt_in,IN,hakimgoh@lotus.com,0.90
003qQjTBYyeCMELzIG,Zara,Osman,zara.osman@lumina.com,+60138017921,CFO,001wjlpFhmyYbEU2tD,Pricing Page,SQL,false,false,005AE2,Arjun Prakash,2026-07-24 00:00:00,2026-07-26T00:00:00+08:00,2026-07-22,opt_in,ID,zaraosman@lumina.com,0.60
0039YBgagqoGVHJLSK,Ingrid,Weber,ingrid.weber@brightwave.com,+60134708297,VP Finance,001DqPOAEhtUaG5zpX,Content,Opportunity,false,false,005AE3,Wei Ho,Jul 23 2026,2026-07-23T00:00:00+08:00,2026-07-23,consent,IN,ingridweber@brightwave.com,0.70
003tvDYnHEwEgCUSCu,Marcus,Nair,marcus.nair@straits.com,+60132126998,Head of Ops,001aKq9OAkFDAazLrZ,Web,MQL,false,false,005AE3,Wei Ho,2026-07-22 00:00:00,2026-07-26T00:00:00+08:00,2026-07-25,opt_in,SG,marcusnair@straits.com,0.56
003kvJB9DoZzOllOQB,Rohan,Nair,rohan.nair@andaman.com,+60137636771,IT Manager,001PCJEf1Lir6msChM,Content,MQL,false,false,005AE5,Sanjay Rao,2026-07-20T00:00:00+08:00,2026-07-21T00:00:00+08:00,2026-07-23,soft_opt_in,SG,rohannair@andaman.com,0.72
003lxumDhqQ3FH9OuM,Kumar,Menon,kumar.menon@northgate.com,+60137520284,Head of Ops,001vTpO5ZiKeUS89sO,Content,Open,false,false,005AE5,Sanjay Rao,2026-07-24,2026-07-24T00:00:00+08:00,2026-07-20,soft_opt_in,ID,kumarmenon@northgate.com,0.70
003RiuhpthlxSjGyAM,Yusof,Ong,yusof.ong@bkk-tools.com,+60133313029,GM,001rCeTsprvu5Ifijo,Content,Customer,false,false,005AE1,Mei Chen,2026-07-24,2026-07-23T00:00:00+08:00,2026-07-21,soft_opt_in,TH,yusofong@bkk-tools.com,0.83
0033w8aFim0y9JGPFA,Tariq,Ong,tariq.ong@lotus.com,+60139249791,Analyst,0016ghtzFH0UgGkUkH,Webinar,Customer,false,false,005AE1,Mei Chen,2026-07-23,2026-07-23T00:00:00+08:00,2026-07-21,consent,IN,tariqong@lotus.com,0.80
003JGhKhrXI0xI0WcW,Lena,Wong,lena.wong@zenith.com,+60138404902,Procurement Lead,001ZNYqK5cbaTTQtsq,Webinar,Customer,false,false,005AE4,Priya Nair,24/07/2026,2026-07-23T00:00:00+08:00,2026-07-20,opt_in,ID,lenawong@zenith.com,0.68
003ZVLSw3TNOBkNiYn,Devi,Menon,devi.menon@lotus.com,+60134471922,CFO,001Pyzv6LKmJhkZV1Y,Web,MQL,false,false,005AE2,Arjun Prakash,2026-07-26 00:00:00,2026-07-24T00:00:00+08:00,2026-07-22,soft_opt_in,MY,devimenon@lotus.com,0.81
0039WYA6dr3PiS3ipj,James,Loo,james.loo@harbor.com,+60136403886,Director of Procurement,0015Ow05Rcuo8wKeHk,Referral,Open,false,false,005AE2,Arjun Prakash,26/07/2026,2026-07-26T00:00:00+08:00,2026-07-26,soft_opt_in,ID,jamesloo@harbor.com,0.77
003S74xD8FuLa3X2Uf,Rohan,Rahman,rohan.rahman@mekong.com,+60138691502,Head of Ops,001799bPWF8ea48ie7,Webinar,Customer,false,false,005AE3,Wei Ho,Jul 25 2026,2026-07-26T00:00:00+08:00,2026-07-20,soft_opt_in,MY,rohanrahman@mekong.com,0.65
003iK2FYv5RWdcgOY1,Zara,Chua,zara.chua@selangor-precision.com,+60138710502,GM,001PuDCCRnGEY59YVk,Trade Show,Customer,false,false,005AE5,Sanjay Rao,2026-07-20 00:00:00,2026-07-26T00:00:00+08:00,2026-07-21,soft_opt_in,MY,zarachua@selangor-precision.com,0.75
003PxqfxQ5PkdzOtUS,Kumar,Loo,kumar.loo@selangor-precision.com,+60134928281,GM,001PuDCCRnGEY59YVk,Pricing Page,SQL,false,false,005AE1,Mei Chen,2026-07-23 00:00:00,2026-07-25T00:00:00+08:00,2026-07-20,opt_in,MY,kumarloo@selangor-precision.com,0.64
0033BSiEeoyfUZggux,Rajesh,Ncube,rajesh.ncube@lumina.com,+60136020671,VP Finance,0015jZV0eISRRkleg5,Web,SQL,false,false,005AE1,Mei Chen,2026-07-21,2026-07-26T00:00:00+08:00,2026-07-26,opt_in,SG,rajeshncube@lumina.com,0.83
003OVj6ANRC3nf5giW,Wei,Kumar,wei.kumar@pacific.com,+60133066235,Procurement Lead,0018wxvZFjtODPTTEA,Webinar,SQL,false,false,005AE2,Arjun Prakash,2026-07-24,2026-07-22T00:00:00+08:00,2026-07-23,soft_opt_in,MY,weikumar@pacific.com,0.90
003X8Sb22Q4tnHMGmV,Faizal,Schmidt ,faizal.schmidt@brightwave.com,+60137572491,Head of IT,001DqPOAEhtUaG5zpX,Referral,Customer,false,false,005AE3,Wei Ho,2026-07-22 00:00:00,2026-07-26T00:00:00+08:00,2026-07-26,consent,IN,faizalschmidt@brightwave.com,0.77
003y31KAxIRlWE9Xeb,Anjali,Hassan,anjali.hassan@highland.com,+60132133008,VP Finance,0018pb10cLQ0vkB1eE,Trade Show,SQL,false,false,005AE2,Arjun Prakash,Jul 20 2026,2026-07-21T00:00:00+08:00,2026-07-20,opt_in,ID,anjalihassan@highland.com,0.97
003OIINjrftfG6nZjI,Uma,Krishnan,uma.krishnan@penang-semi.com,+60136481960,Founder,001om06Dwt0Y3oobQm,Webinar,Opportunity,false,false,005AE1,Mei Chen,2026-07-23T00:00:00+08:00,2026-07-25T00:00:00+08:00,2026-07-26,opt_in,MY,umakrishnan@penang-semi.com,0.69
003MdtQVQVlhaTiSak,Ravi,Osman,ravi.osman@batam-log.com,+60139328426,Founder,001oZmjbcpEN2XeDA4,Web,Opportunity,false,false,005AE5,Sanjay Rao,2026-07-22T00:00:00+08:00,2026-07-24T00:00:00+08:00,2026-07-26,soft_opt_in,ID,raviosman@batam-log.com,0.62
003rHeqTKOeFDGxdF2,Ravi,Ho,ravi.ho@northgate.com,+60133799805,Head of Ops,001jJI14UZmcqlVw5M,Web,SQL,false,false,005AE4,Priya Nair,22/07/2026,2026-07-22T00:00:00+08:00,2026-07-26,opt_in,SG,raviho@northgate.com,0.94
003xy6jl792cJZ6TVP,Anjali,RAJ,anjali.raj@highland.com,+60138035849,VP Finance,0018pb10cLQ0vkB1eE,Pricing Page,Open,false,false,005AE4,Priya Nair,Jul 21 2026,2026-07-21T00:00:00+08:00,2026-07-23,soft_opt_in,ID,anjaliraj@highland.com,0.67
003c9ze4D3sX2tufJD,Sarah,Teo ,sarah.teo@lumina.com,+60131133700,VP Finance,0015jZV0eISRRkleg5,Pricing Page,MQL,false,false,005AE5,Sanjay Rao,22/07/2026,2026-07-22T00:00:00+08:00,2026-07-24,soft_opt_in,SG,sarahteo@lumina.com,0.88
003ja7AboIwO1S4a8v,Devi,Teo,devi.teo@brightwave.com,+60131024528,IT Manager,001DqPOAEhtUaG5zpX,Referral,Customer,false,false,005AE2,Arjun Prakash,2026-07-26,2026-07-26T00:00:00+08:00,2026-07-25,opt_in,IN,deviteo@brightwave.com,0.60
003c6o52HAS5xDVfLg,Anjali,RAHMAN,anjali.rahman@pune-eng.com,+60139479670,Procurement Lead,001MS4rJaH8mfpUAFJ,Referral,SQL,false,false,005AE1,Mei Chen,2026-07-21,2026-07-20T00:00:00+08:00,2026-07-24,consent,IN,anjalirahman@pune-eng.com,0.74
003Croe8miXXLgjgkC,Anjali,Krishnan,anjali.krishnan@northgate.com,+60138819107,Founder,001jJI14UZmcqlVw5M,Referral,SQL,false,false,005AE3,Wei Ho,2026-07-22,2026-07-20T00:00:00+08:00,2026-07-24,soft_opt_in,SG,anjalikrishnan@northgate.com,0.97
003cn12ujfTp9wzGdR,Devi,Krishnan,devi.krishnan@sunrise.com,+60136013715,Head of Ops,001XP4wFZEA5SFB2eQ,Pricing Page,SQL,false,false,005AE5,Sanjay Rao,22/07/2026,2026-07-20T00:00:00+08:00,2026-07-23,soft_opt_in,MY,devikrishnan@sunrise.com,0.79
003im0zxRO8PfLLq60,Siti,Aziz ,siti.aziz@brightwave.com,+60132258076,Head of Ops,001DqPOAEhtUaG5zpX,Web,Open,false,false,005AE2,Arjun Prakash,2026-07-20 00:00:00,2026-07-21T00:00:00+08:00,2026-07-25,opt_in,IN,sitiaziz@brightwave.com,0.91
0037KB0UzFbyRBlwn6,Ismail,Osman,ismail.osman@zenith.com,+60134139874,VP Finance,0017Sqr0O072IojSHD,Webinar,Open,false,false,005AE2,Arjun Prakash,Jul 22 2026,2026-07-23T00:00:00+08:00,2026-07-21,opt_in,TH,ismailosman@zenith.com,0.82
003yiAmP4ZHpOZIYby,Rohan,Krishnan,rohan.krishnan@brightwave.com,+60137024901,CFO,001DqPOAEhtUaG5zpX,Web,Open,false,false,005AE3,Wei Ho,2026-07-23T00:00:00+08:00,2026-07-26T00:00:00+08:00,2026-07-23,opt_in,IN,rohankrishnan@brightwave.com,0.95
003dZEHwXLokgpQprI,James,CHENG,james.cheng@kl-facilities.com,+60131937991,Head of IT,001S1OpgSXt2RMZhYK,Pricing Page,Open,false,false,005AE3,Wei Ho,26/07/2026,2026-07-24T00:00:00+08:00,2026-07-26,soft_opt_in,MY,jamescheng@kl-facilities.com,0.71
0038KKjK8m1Z4FItlF,Grace,Iyer,grace.iyer@lotus.com,+60131636925,Analyst,0016ghtzFH0UgGkUkH,Content,Open,false,false,005AE3,Wei Ho,2026-07-20 00:00:00,2026-07-21T00:00:00+08:00,2026-07-24,consent,IN,graceiyer@lotus.com,0.56
003dbjLT6jXh2H3x9e,Aarav,Goh,aarav.goh@jb-steel.com,+60137267813,Procurement Lead,001fPBi3DldqyunDuv,Trade Show,MQL,false,false,005AE3,Wei Ho,2026-07-25,2026-07-24T00:00:00+08:00,2026-07-20,soft_opt_in,MY,aaravgoh@jb-steel.com,0.68
003T9JS47NYwoQL0ly,Grace,Raj,grace.raj@bharat.com,+60136147639,CFO,001y7oXm8Oa2wFG5HC,Referral,SQL,false,false,005AE2,Arjun Prakash,Jul 25 2026,2026-07-21T00:00:00+08:00,2026-07-21,opt_in,MY,graceraj@bharat.com,0.97
003OKg7FjvVepwukO4,Omar,HO,omar.ho@penang-semi.com,+60132488575,Head of IT,001om06Dwt0Y3oobQm,Trade Show,Customer,false,false,005AE2,Arjun Prakash,Jul 26 2026,2026-07-23T00:00:00+08:00,2026-07-20,soft_opt_in,MY,omarho@penang-semi.com,0.64
003k4AF4ywIyg1EY3K,Nadia,Menon,nadia.menon@lumina.com,+60134784650,VP Finance,001wjlpFhmyYbEU2tD,Webinar,Opportunity,false,false,005AE4,Priya Nair,2026-07-21,2026-07-20T00:00:00+08:00,2026-07-26,opt_in,ID,nadiamenon@lumina.com,0.68
00385fvMN5ETbB8PkM,Faizal,Nair ,faizal.nair@coastal.com,+60138284673,Founder,001B6ICJ1JKEWzvaOw,Pricing Page,Open,false,false,005AE5,Sanjay Rao,2026-07-21 00:00:00,2026-07-20T00:00:00+08:00,2026-07-22,consent,IN,faizalnair@coastal.com,0.98
003pgdzKJ1FjdxaBfs,Klaus,Yeoh,klaus.yeoh@frankfurt-ind.de,+60139058573,GM,001aH7ZIRU8VVQmxBe,Referral,SQL,false,false,005AE3,Wei Ho,2026-07-21 00:00:00,2026-07-20T00:00:00+08:00,2026-07-21,consent,EU,klausyeoh@frankfurt-ind.de,0.83
003PIylx4yxlCcqCDq,Marcus,Osman ,marcus.osman@zenith.com,+60134795715,CFO,001BxXdFCOmhaNf0ez,Webinar,SQL,false,false,005AE1,Mei Chen,Jul 26 2026,2026-07-24T00:00:00+08:00,2026-07-20,opt_in,TH,marcusosman@zenith.com,0.88
0031y0HA9IR37EK4pE,Wei,Weber,wei.weber@kirana.com,+60136013906,Head of IT,001ZrNDru0WnWI7C1E,Pricing Page,Customer,false,false,005AE1,Mei Chen,2026-07-20,2026-07-26T00:00:00+08:00,2026-07-25,opt_in,TH,weiweber@kirana.com,0.77
003nZmicBfRBm0Oj1M,Daniel,Ncube,daniel.ncube@adelaide-freight.com,+60135326615,Head of Ops,001u2p17fr4CpWDKNQ,Webinar,MQL,false,false,005AE2,Arjun Prakash,2026-07-22 00:00:00,2026-07-20T00:00:00+08:00,2026-07-23,soft_opt_in,SG,danielncube@adelaide-freight.com,0.79
003hAjjKLLW98g7gKX,Uma,AZIZ,uma.aziz@harbor.com,+60132694338,Head of IT,001qq3TNBjJ3KzyUi2,Content,Customer,false,false,005AE4,Priya Nair,Jul 26 2026,2026-07-26T00:00:00+08:00,2026-07-24,soft_opt_in,MY,umaaziz@harbor.com,0.94
003jNMRSzcz44vSpdV,Hakim,Schmidt,hakim.schmidt@straits.com,+60138972838,VP Finance,001ZhExlaEvdniIQ6j,Pricing Page,SQL,false,false,005AE4,Priya Nair,Jul 22 2026,2026-07-20T00:00:00+08:00,2026-07-22,soft_opt_in,ID,hakimschmidt@straits.com,0.69
003X0urUAMPfmCn60A,Omar,Loo,omar.loo@surabaya-tex.com,+60139127895,IT Manager,001d8woPeX9PcWb8pm,Pricing Page,SQL,false,false,005AE4,Priya Nair,2026-07-26T00:00:00+08:00,2026-07-26T00:00:00+08:00,2026-07-22,opt_in,ID,omarloo@surabaya-tex.com,0.78
003m41m1dpcDd6xTmr,Wei,Krishnan,wei.krishnan@summit.com,+60137179919,Director of Procurement,001H4cP0sFYxHjnq6U,Content,Open,false,false,005AE2,Arjun Prakash,2026-07-26,2026-07-24T00:00:00+08:00,2026-07-23,consent,IN,weikrishnan@summit.com,0.85
003wk15qV1Sfsbydk2,Nadia,Hassan,nadia.hassan@pacific.com,+60134595669,CFO,001Ro9LKAn1aSYMmyY,Content,Customer,false,false,005AE3,Wei Ho,26/07/2026,2026-07-25T00:00:00+08:00,2026-07-21,opt_in,TH,nadiahassan@pacific.com,0.67
003MZaoqMZ8tT9TPrB,Uma,Tan,uma.tan@frankfurt-ind.de,+60137316209,VP Finance,001aH7ZIRU8VVQmxBe,Webinar,MQL,false,false,005AE2,Arjun Prakash,Jul 26 2026,2026-07-23T00:00:00+08:00,2026-07-22,consent,EU,umatan@frankfurt-ind.de,0.76
003PMMstRgEevrOu3r,Zara,Mehta,zara.mehta@adelaide-freight.com,+60135381318,Director of Procurement,001u2p17fr4CpWDKNQ,Referral,SQL,false,false,005AE5,Sanjay Rao,Jul 25 2026,2026-07-21T00:00:00+08:00,2026-07-21,opt_in,SG,zaramehta@adelaide-freight.com,0.95
003zyVcLTK0mvUToRI,Ingrid,Goh,ingrid.goh@cyberjaya-data.com,+60138981512,CFO,001v8bh4qlL9qcgMBw,Trade Show,SQL,false,false,005AE4,Priya Nair,Jul 25 2026,2026-07-24T00:00:00+08:00,2026-07-22,opt_in,MY,ingridgoh@cyberjaya-data.com,0.92
003owoV3tAY4vxqLsD,Lena,Nair,lena.nair@zenith.com,+60132976045,Director of Procurement,001zeskKCwlSjzF33C,Pricing Page,SQL,false,false,005AE1,Mei Chen,2026-07-23 00:00:00,2026-07-26T00:00:00+08:00,2026-07-25,consent,IN,lenanair@zenith.com,0.76
003imvAK56Dju3TlXf,Uma,Nair,uma.nair@nexus.com,+60139180249,GM,001sfw7845UU6khqtV,Webinar,Open,false,false,005AE2,Arjun Prakash,22/07/2026,2026-07-22T00:00:00+08:00,2026-07-25,opt_in,TH,umanair@nexus.com,0.55
003NBOBzB9EyacImUx,Kumar,Ho,kumar.ho@harbor.com,+60131236174,Procurement Lead,001qq3TNBjJ3KzyUi2,Webinar,Open,false,false,005AE2,Arjun Prakash,2026-07-22T00:00:00+08:00,2026-07-21T00:00:00+08:00,2026-07-20,opt_in,MY,kumarho@harbor.com,0.83
003tke0ct8sDUHMHvB,Anjali,Loo,anjali.loo@brightwave.com,+60133244614,Head of Ops,001DqPOAEhtUaG5zpX,Webinar,Customer,false,false,005AE5,Sanjay Rao,2026-07-22,2026-07-22T00:00:00+08:00,2026-07-26,consent,IN,anjaliloo@brightwave.com,0.62
003GkhxTPYcy4OqXIN,Aarav,Iyer,aarav.iyer@cyberjaya-data.com,+60131815153,IT Manager,001v8bh4qlL9qcgMBw,Referral,Open,false,false,005AE5,Sanjay Rao,2026-07-24 00:00:00,2026-07-25T00:00:00+08:00,2026-07-20,opt_in,MY,aaraviyer@cyberjaya-data.com,0.57
003SROatAQgQHrNMSi,Priya,Aziz,priya.aziz@highland.com,+60138026730,CFO,0018pb10cLQ0vkB1eE,Referral,MQL,false,false,005AE2,Arjun Prakash,2026-07-26 00:00:00,2026-07-24T00:00:00+08:00,2026-07-25,opt_in,ID,priyaaziz@highland.com,0.67
003skcJF6nS7EvpaaQ,Marcus,Chua,marcus.chua@everbright.com,+60132493219,Director of Procurement,001zFBTL4HjeE6O3X5,Pricing Page,SQL,false,false,005AE4,Priya Nair,2026-07-20T00:00:00+08:00,2026-07-25T00:00:00+08:00,2026-07-23,opt_in,ID,marcuschua@everbright.com,0.97
003Ddg0l3c2sxZRuBV,Wei,Raj,wei.raj@hanoi-comp.com,+60132944497,IT Manager,001FgB9xO51DTjBlUH,Webinar,SQL,false,false,005AE3,Wei Ho,2026-07-20 00:00:00,2026-07-20T00:00:00+08:00,2026-07-26,opt_in,TH,weiraj@hanoi-comp.com,0.84
0030vlhzz9Dr1yS2EZ,James,Teo,james.teo@harbor.com,+60138075620,GM,0015Ow05Rcuo8wKeHk,Referral,Open,false,false,005AE3,Wei Ho,25/07/2026,2026-07-20T00:00:00+08:00,2026-07-21,opt_in,ID,jamesteo@harbor.com,0.98
003NyXwNb3R41U5iE6,Siti,Rahman,siti.rahman@summit.com,+60139189341,Head of IT,001H4cP0sFYxHjnq6U,Referral,Opportunity,false,false,005AE2,Arjun Prakash,2026-07-20,2026-07-23T00:00:00+08:00,2026-07-20,consent,IN,sitirahman@summit.com,0.67
0039Q3vHHSSNgBQUpE,Aarav,Loo,aarav.loo@coastal.com,+60136800713,Head of IT,001B6ICJ1JKEWzvaOw,Referral,Customer,false,false,005AE2,Arjun Prakash,2026-07-25,2026-07-21T00:00:00+08:00,2026-07-26,consent,IN,aaravloo@coastal.com,0.56
003pvrdGoJPyz0pfDC,Uma,Osman,uma.osman@summit.com,+60138517846,Procurement Lead,001H4cP0sFYxHjnq6U,Web,Opportunity,false,false,005AE3,Wei Ho,2026-07-20,2026-07-23T00:00:00+08:00,2026-07-22,consent,IN,umaosman@summit.com,0.98
003Ot4GJnPQD8vx0d0,Siti,Cheng,siti.cheng@everbright.com,+60134739945,VP Finance,001yjb50XlJAdc7p3L,Web,Customer,false,false,005AE5,Sanjay Rao,2026-07-26,2026-07-22T00:00:00+08:00,2026-07-24,opt_in,IN,siticheng@everbright.com,0.87
0031O9ZsJHxSgc5kFi,Klaus,Aziz ,klaus.aziz@kirana.com,+60137865417,IT Manager,001wlaDCnCdllvimD4,Web,SQL,false,false,005AE3,Wei Ho,Jul 20 2026,2026-07-24T00:00:00+08:00,2026-07-21,opt_in,MY,klausaziz@kirana.com,0.60
0037O1RLhX5CDQL9Gi,Kumar,Aziz,kumar.aziz@penang-semi.com,+60139368955,Analyst,001om06Dwt0Y3oobQm,Web,Opportunity,false,false,005AE1,Mei Chen,2026-07-20T00:00:00+08:00,2026-07-25T00:00:00+08:00,2026-07-20,soft_opt_in,MY,kumaraziz@penang-semi.com,0.92
003yQMM4uG4yAM6SWp,Bryan,Kumar,bryan.kumar@jb-steel.com,+60135590177,Head of IT,001fPBi3DldqyunDuv,Pricing Page,MQL,false,false,005AE1,Mei Chen,Jul 23 2026,2026-07-22T00:00:00+08:00,2026-07-23,opt_in,MY,bryankumar@jb-steel.com,0.61
003nNTsRw6RiTP9lGI,Lena,Gopal,lena.gopal@hanoi-comp.com,+60136408662,Director of Procurement,001FgB9xO51DTjBlUH,Referral,MQL,false,false,005AE2,Arjun Prakash,2026-07-25 00:00:00,2026-07-26T00:00:00+08:00,2026-07-22,soft_opt_in,TH,lenagopal@hanoi-comp.com,0.81
003byjdQdmrWYksRqj,Ingrid,Raj,ingrid.raj@mumbai-alloys.com,+60132040738,Founder,001AuzSsJimAQ8yRV5,Web,Customer,false,false,005AE1,Mei Chen,Jul 25 2026,2026-07-21T00:00:00+08:00,2026-07-26,consent,IN,ingridraj@mumbai-alloys.com,0.71
003pGYYZSsSQd7yyA9,Siti,Mehta,siti.mehta@sg-marine.com,+60136245463,IT Manager,0015CN0U5GB16JC5kV,Referral,Customer,false,false,005AE4,Priya Nair,2026-07-24 00:00:00,2026-07-20T00:00:00+08:00,2026-07-25,soft_opt_in,SG,sitimehta@sg-marine.com,0.64
003mXU9msClRel9lVG,Zara,Iyer,zara.iyer@chennai-fab.com,+60133002424,Analyst,0013X4gXBolZ9SHDdJ,Content,Customer,false,false,005AE5,Sanjay Rao,2026-07-23 00:00:00,2026-07-23T00:00:00+08:00,2026-07-22,opt_in,IN,zaraiyer@chennai-fab.com,0.61
003dX7ON1QtFYKJweY,Aarav,Goh,aarav.goh@delta.com,+60136332789,VP Finance,001KRbHQQpMxQhnrct,Pricing Page,SQL,false,false,005AE5,Sanjay Rao,24/07/2026,2026-07-21T00:00:00+08:00,2026-07-24,opt_in,SG,aaravgoh@delta.com,0.90
003xsn8WNHEJ0WPahQ,Priya,Yeoh,priya.yeoh@summit.com,+60136805039,IT Manager,001H4cP0sFYxHjnq6U,Pricing Page,SQL,false,false,005AE3,Wei Ho,23/07/2026,2026-07-25T00:00:00+08:00,2026-07-24,consent,IN,priyayeoh@summit.com,0.97
0036H0XxGZGCFcs5Pm,Hakim,Abdullah,hakim.abdullah@sunrise.com,+60136373956,GM,001bnKtBrKYKSSBpwN,Content,SQL,false,false,005AE1,Mei Chen,2026-07-24 00:00:00,2026-07-20T00:00:00+08:00,2026-07-21,opt_in,ID,hakimabdullah@sunrise.com,0.83
0031S4VXBP08eVRjbD,Ingrid,Schmidt,ingrid.schmidt@sunrise.com,+60136565260,Founder,001XP4wFZEA5SFB2eQ,Web,MQL,false,false,005AE5,Sanjay Rao,2026-07-20 00:00:00,2026-07-20T00:00:00+08:00,2026-07-20,opt_in,MY,ingridschmidt@sunrise.com,0.90
003ubyRhIaPUNeWVLc,Sarah,Gopal,sarah.gopal@lumina.com,+60132217848,Founder,0015jZV0eISRRkleg5,Webinar,Opportunity,false,false,005AE4,Priya Nair,2026-07-22T00:00:00+08:00,2026-07-20T00:00:00+08:00,2026-07-22,soft_opt_in,SG,sarahgopal@lumina.com,0.82
003oiVzYZ2Is9OjtR4,Chloe,Abdullah,chloe.abdullah@johor.com,+60137260091,VP Finance,001ZMszSLB72NFP6ir,Webinar,MQL,false,false,005AE5,Sanjay Rao,2026-07-20T00:00:00+08:00,2026-07-26T00:00:00+08:00,2026-07-24,opt_in,SG,chloeabdullah@johor.com,0.60
003nA5P2GjkloN1qmh,Sarah,Mehta,sarah.mehta@northgate.com,+60134042682,Head of Ops,001uOiJaJkJat7CrhI,Trade Show,MQL,false,false,005AE3,Wei Ho,2026-07-25T00:00:00+08:00,2026-07-26T00:00:00+08:00,2026-07-20,opt_in,IN,sarahmehta@northgate.com,0.83
003iQPpgsNe5muFCvN,Lena,Weber ,lena.weber@lumina.com,+60136128383,Head of IT,0015jZV0eISRRkleg5,Webinar,SQL,false,false,005AE3,Wei Ho,2026-07-25T00:00:00+08:00,2026-07-21T00:00:00+08:00,2026-07-24,soft_opt_in,SG,lenaweber@lumina.com,0.91
